Ordernr;Kundnr;Anställningsnr;Orderdatum;Begärt leveransdatum;Leveransort;Leveransland
10248;VINET;5;1996-07-04;1996-08-01;Reims;Frankrike
10249;TOMSP;6;1996-07-05;1996-08-16;Münster;Tyskland
10250;HANAR;4;1996-07-08;1996-08-05;Rio de Janeiro;Brasilien
10251;VICTE;3;1996-07-08;1996-08-05;Lyon;Frankrike
10252;SUPRD;4;1996-07-09;1996-08-06;Charleroi;Belgien
10253;HANAR;3;1996-07-10;1996-07-24;Rio de Janeiro;Brasilien
10254;CHOPS;5;1996-07-11;1996-08-08;Bern;Schweiz
10255;RICSU;9;1996-07-12;1996-08-09;Genève;Schweiz
10256;WELLI;3;1996-07-15;1996-08-12;Resende;Brasilien
10257;HILAA;4;1996-07-16;1996-08-13;San Cristóbal;Venezuela
10258;ERNSH;1;1996-07-17;1996-08-14;Graz;Österrike
10259;CENTC;4;1996-07-18;1996-08-15;México D.F.;Mexico
10260;OTTIK;4;1996-07-19;1996-08-16;Köln;Tyskland
10261;QUEDE;4;1996-07-19;1996-08-16;Rio de Janeiro;Brasilien
10262;RATTC;8;1996-07-22;1996-08-19;Albuquerque;USA
10263;ERNSH;9;1996-07-23;1996-08-20;Graz;Österrike
10264;FOLKO;6;1996-07-24;1996-08-21;Bräcke;Sverige
10265;BLONP;2;1996-07-25;1996-08-22;Strasbourg;Frankrike
10266;WARTH;3;1996-07-26;1996-09-06;Uleåborg;Finland
10267;FRANK;4;1996-07-29;1996-08-26;München;Tyskland
10268;GROSR;8;1996-07-30;1996-08-27;Caracas;Venezuela
10269;WHITC;5;1996-07-31;1996-08-14;Seattle;USA
10270;WARTH;1;1996-08-01;1996-08-29;Uleåborg;Finland
10271;SPLIR;6;1996-08-01;1996-08-29;Lander;USA
10272;RATTC;6;1996-08-02;1996-08-30;Albuquerque;USA
10273;QUICK;3;1996-08-05;1996-09-02;Cunewalde;Tyskland
10274;VINET;6;1996-08-06;1996-09-03;Reims;Frankrike
10275;MAGAA;1;1996-08-07;1996-09-04;Bergamo;Italien
10276;TORTU;8;1996-08-08;1996-08-22;México D.F.;Mexico
10277;MORGK;2;1996-08-09;1996-09-06;Leipzig;Tyskland
10278;BERGS;8;1996-08-12;1996-09-09;Luleå;Sverige
10279;LEHMS;8;1996-08-13;1996-09-10;Frankfurt a.M.;Tyskland
10280;BERGS;2;1996-08-14;1996-09-11;Luleå;Sverige
10281;ROMEY;4;1996-08-14;1996-08-28;Madrid;Spanien
10282;ROMEY;4;1996-08-15;1996-09-12;Madrid;Spanien
10283;LILAS;3;1996-08-16;1996-09-13;Barquisimeto;Venezuela
10284;LEHMS;4;1996-08-19;1996-09-16;Frankfurt a.M.;Tyskland
10285;QUICK;1;1996-08-20;1996-09-17;Cunewalde;Tyskland
10286;QUICK;8;1996-08-21;1996-09-18;Cunewalde;Tyskland
10287;RICAR;8;1996-08-22;1996-09-19;Rio de Janeiro;Brasilien
10288;REGGC;4;1996-08-23;1996-09-20;Reggio Emilia;Italien
10289;BSBEV;7;1996-08-26;1996-09-23;London;Storbritannien
10290;COMMI;8;1996-08-27;1996-09-24;São Paulo;Brasilien
10291;QUEDE;6;1996-08-27;1996-09-24;Rio de Janeiro;Brasilien
10292;TRADH;1;1996-08-28;1996-09-25;São Paulo;Brasilien
10293;TORTU;1;1996-08-29;1996-09-26;México D.F.;Mexico
10294;RATTC;4;1996-08-30;1996-09-27;Albuquerque;USA
10295;VINET;2;1996-09-02;1996-09-30;Reims;Frankrike
10296;LILAS;6;1996-09-03;1996-10-01;Barquisimeto;Venezuela
10297;BLONP;5;1996-09-04;1996-10-16;Strasbourg;Frankrike
10298;HUNGO;6;1996-09-05;1996-10-03;Cork;Irland
10299;RICAR;4;1996-09-06;1996-10-04;Rio de Janeiro;Brasilien
10300;MAGAA;2;1996-09-09;1996-10-07;Bergamo;Italien
10301;WANDK;8;1996-09-09;1996-10-07;Stuttgart;Tyskland
10302;SUPRD;4;1996-09-10;1996-10-08;Charleroi;Belgien
10303;GODOS;7;1996-09-11;1996-10-09;Sevilla;Spanien
10304;TORTU;1;1996-09-12;1996-10-10;México D.F.;Mexico
10305;OLDWO;8;1996-09-13;1996-10-11;Anchorage;USA
10306;ROMEY;1;1996-09-16;1996-10-14;Madrid;Spanien
10307;LONEP;2;1996-09-17;1996-10-15;Portland;USA
10308;ANATR;7;1996-09-18;1996-10-16;México D.F.;Mexico
10309;HUNGO;3;1996-09-19;1996-10-17;Cork;Irland
10310;THEBI;8;1996-09-20;1996-10-18;Portland;USA
10311;DUMON;1;1996-09-20;1996-10-04;Nantes;Frankrike
10312;WANDK;2;1996-09-23;1996-10-21;Stuttgart;Tyskland
10313;QUICK;2;1996-09-24;1996-10-22;Cunewalde;Tyskland
10314;RATTC;1;1996-09-25;1996-10-23;Albuquerque;USA
10315;ISLAT;4;1996-09-26;1996-10-24;Cowes;Storbritannien
10316;RATTC;1;1996-09-27;1996-10-25;Albuquerque;USA
10317;LONEP;6;1996-09-30;1996-10-28;Portland;USA
10318;ISLAT;8;1996-10-01;1996-10-29;Cowes;Storbritannien
10319;TORTU;7;1996-10-02;1996-10-30;México D.F.;Mexico
10320;WARTH;5;1996-10-03;1996-10-17;Uleåborg;Finland
10321;ISLAT;3;1996-10-03;1996-10-31;Cowes;Storbritannien
10322;PERIC;7;1996-10-04;1996-11-01;México D.F.;Mexico
10323;KOENE;4;1996-10-07;1996-11-04;Brandenburg;Tyskland
10324;SAVEA;9;1996-10-08;1996-11-05;Boise;USA
10325;KOENE;1;1996-10-09;1996-10-23;Brandenburg;Tyskland
10326;BOLID;4;1996-10-10;1996-11-07;Madrid;Spanien
10327;FOLKO;2;1996-10-11;1996-11-08;Bräcke;Sverige
10328;FURIB;4;1996-10-14;1996-11-11;Lissabon;Portugal
10329;SPLIR;4;1996-10-15;1996-11-26;Lander;USA
10330;LILAS;3;1996-10-16;1996-11-13;Barquisimeto;Venezuela
10331;BONAP;9;1996-10-16;1996-11-27;Marseille;Frankrike
10332;MEREP;3;1996-10-17;1996-11-28;Montreal;Kanada
10333;WARTH;5;1996-10-18;1996-11-15;Uleåborg;Finland
10334;VICTE;8;1996-10-21;1996-11-18;Lyon;Frankrike
10335;HUNGO;7;1996-10-22;1996-11-19;Cork;Irland
10336;PRINI;7;1996-10-23;1996-11-20;Lissabon;Portugal
10337;FRANK;4;1996-10-24;1996-11-21;München;Tyskland
10338;OLDWO;4;1996-10-25;1996-11-22;Anchorage;USA
10339;MEREP;2;1996-10-28;1996-11-25;Montreal;Kanada
10340;BONAP;1;1996-10-29;1996-11-26;Marseille;Frankrike
10341;SIMOB;7;1996-10-29;1996-11-26;Köpenhamn;Danmark
10342;FRANK;4;1996-10-30;1996-11-13;München;Tyskland
10343;LEHMS;4;1996-10-31;1996-11-28;Frankfurt a.M.;Tyskland
10344;WHITC;4;1996-11-01;1996-11-29;Seattle;USA
10345;QUICK;2;1996-11-04;1996-12-02;Cunewalde;Tyskland
10346;RATTC;3;1996-11-05;1996-12-17;Albuquerque;USA
10347;FAMIA;4;1996-11-06;1996-12-04;São Paulo;Brasilien
10348;WANDK;4;1996-11-07;1996-12-05;Stuttgart;Tyskland
10349;SPLIR;7;1996-11-08;1996-12-06;Lander;USA
10350;LAMAI;6;1996-11-11;1996-12-09;Toulouse;Frankrike
10351;ERNSH;1;1996-11-11;1996-12-09;Graz;Österrike
10352;FURIB;3;1996-11-12;1996-11-26;Lissabon;Portugal
10353;PICCO;7;1996-11-13;1996-12-11;Salzburg;Österrike
10354;PERIC;8;1996-11-14;1996-12-12;México D.F.;Mexico
10355;AROUT;6;1996-11-15;1996-12-13;Colchester;Storbritannien
10356;WANDK;6;1996-11-18;1996-12-16;Stuttgart;Tyskland
10357;LILAS;1;1996-11-19;1996-12-17;Barquisimeto;Venezuela
10358;LAMAI;5;1996-11-20;1996-12-18;Toulouse;Frankrike
10359;SEVES;5;1996-11-21;1996-12-19;London;Storbritannien
10360;BLONP;4;1996-11-22;1996-12-20;Strasbourg;Frankrike
10361;QUICK;1;1996-11-22;1996-12-20;Cunewalde;Tyskland
10362;BONAP;3;1996-11-25;1996-12-23;Marseille;Frankrike
10363;DRACD;4;1996-11-26;1996-12-24;Aachen;Tyskland
10364;EASTC;1;1996-11-26;1997-01-07;London;Storbritannien
10365;ANTON;3;1996-11-27;1996-12-25;México D.F.;Mexico
10366;GALED;8;1996-11-28;1997-01-09;Barcelona;Spanien
10367;VAFFE;7;1996-11-28;1996-12-26;Århus;Danmark
10368;ERNSH;2;1996-11-29;1996-12-27;Graz;Österrike
10369;SPLIR;8;1996-12-02;1996-12-30;Lander;USA
10370;CHOPS;6;1996-12-03;1996-12-31;Bern;Schweiz
10371;LAMAI;1;1996-12-03;1996-12-31;Toulouse;Frankrike
10372;QUEEN;5;1996-12-04;1997-01-01;São Paulo;Brasilien
10373;HUNGO;4;1996-12-05;1997-01-02;Cork;Irland
10374;WOLZA;1;1996-12-05;1997-01-02;Warszawa;Polen
10375;HUNGC;3;1996-12-06;1997-01-03;Elgin;USA
10376;MEREP;1;1996-12-09;1997-01-06;Montreal;Kanada
10377;SEVES;1;1996-12-09;1997-01-06;London;Storbritannien
10378;FOLKO;5;1996-12-10;1997-01-07;Bräcke;Sverige
10379;QUEDE;2;1996-12-11;1997-01-08;Rio de Janeiro;Brasilien
10380;HUNGO;8;1996-12-12;1997-01-09;Cork;Irland
10381;LILAS;3;1996-12-12;1997-01-09;Barquisimeto;Venezuela
10382;ERNSH;4;1996-12-13;1997-01-10;Graz;Österrike
10383;AROUT;8;1996-12-16;1997-01-13;Colchester;Storbritannien
10384;BERGS;3;1996-12-16;1997-01-13;Luleå;Sverige
10385;SPLIR;1;1996-12-17;1997-01-14;Lander;USA
10386;FAMIA;9;1996-12-18;1997-01-01;São Paulo;Brasilien
10387;SANTG;1;1996-12-18;1997-01-15;Stavern;Norge
10388;SEVES;2;1996-12-19;1997-01-16;London;Storbritannien
10389;BOTTM;4;1996-12-20;1997-01-17;Tsawassen;Kanada
10390;ERNSH;6;1996-12-23;1997-01-20;Graz;Österrike
10391;DRACD;3;1996-12-23;1997-01-20;Aachen;Tyskland
10392;PICCO;2;1996-12-24;1997-01-21;Salzburg;Österrike
10393;SAVEA;1;1996-12-25;1997-01-22;Boise;USA
10394;HUNGC;1;1996-12-25;1997-01-22;Elgin;USA
10395;HILAA;6;1996-12-26;1997-01-23;San Cristóbal;Venezuela
10396;FRANK;1;1996-12-27;1997-01-10;München;Tyskland
10397;PRINI;5;1996-12-27;1997-01-24;Lissabon;Portugal
10398;SAVEA;2;1996-12-30;1997-01-27;Boise;USA
10399;VAFFE;8;1996-12-31;1997-01-14;Århus;Danmark
10400;EASTC;1;1997-01-01;1997-01-29;London;Storbritannien
10401;RATTC;1;1997-01-01;1997-01-29;Albuquerque;USA
10402;ERNSH;8;1997-01-02;1997-02-13;Graz;Österrike
10403;ERNSH;4;1997-01-03;1997-01-31;Graz;Österrike
10404;MAGAA;2;1997-01-03;1997-01-31;Bergamo;Italien
10405;LINOD;1;1997-01-06;1997-02-03;I. de Margarita;Venezuela
10406;QUEEN;7;1997-01-07;1997-02-18;São Paulo;Brasilien
10407;OTTIK;2;1997-01-07;1997-02-04;Köln;Tyskland
10408;FOLIG;8;1997-01-08;1997-02-05;Lille;Frankrike
10409;OCEAN;3;1997-01-09;1997-02-06;Buenos Aires;Argentina
10410;BOTTM;3;1997-01-10;1997-02-07;Tsawassen;Kanada
10411;BOTTM;9;1997-01-10;1997-02-07;Tsawassen;Kanada
10412;WARTH;8;1997-01-13;1997-02-10;Uleåborg;Finland
10413;LAMAI;3;1997-01-14;1997-02-11;Toulouse;Frankrike
10414;FAMIA;2;1997-01-14;1997-02-11;São Paulo;Brasilien
10415;HUNGC;3;1997-01-15;1997-02-12;Elgin;USA
10416;WARTH;8;1997-01-16;1997-02-13;Uleåborg;Finland
10417;SIMOB;4;1997-01-16;1997-02-13;Köpenhamn;Danmark
10418;QUICK;4;1997-01-17;1997-02-14;Cunewalde;Tyskland
10419;RICSU;4;1997-01-20;1997-02-17;Genève;Schweiz
10420;WELLI;3;1997-01-21;1997-02-18;Resende;Brasilien
10421;QUEDE;8;1997-01-21;1997-03-04;Rio de Janeiro;Brasilien
10422;FRANS;2;1997-01-22;1997-02-19;Torino;Italien
10423;GOURL;6;1997-01-23;1997-02-06;Campinas;Brasilien
10424;MEREP;7;1997-01-23;1997-02-20;Montreal;Kanada
10425;LAMAI;6;1997-01-24;1997-02-21;Toulouse;Frankrike
10426;GALED;4;1997-01-27;1997-02-24;Barcelona;Spanien
10427;PICCO;4;1997-01-27;1997-02-24;Salzburg;Österrike
10428;REGGC;7;1997-01-28;1997-02-25;Reggio Emilia;Italien
10429;HUNGO;3;1997-01-29;1997-03-12;Cork;Irland
10430;ERNSH;4;1997-01-30;1997-02-13;Graz;Österrike
10431;BOTTM;4;1997-01-30;1997-02-13;Tsawassen;Kanada
10432;SPLIR;3;1997-01-31;1997-02-14;Lander;USA
10433;PRINI;3;1997-02-03;1997-03-03;Lissabon;Portugal
10434;FOLKO;3;1997-02-03;1997-03-03;Bräcke;Sverige
10435;CONSH;8;1997-02-04;1997-03-18;London;Storbritannien
10436;BLONP;3;1997-02-05;1997-03-05;Strasbourg;Frankrike
10437;WARTH;8;1997-02-05;1997-03-05;Uleåborg;Finland
10438;TOMSP;3;1997-02-06;1997-03-06;Münster;Tyskland
10439;MEREP;6;1997-02-07;1997-03-07;Montreal;Kanada
10440;SAVEA;4;1997-02-10;1997-03-10;Boise;USA
10441;OLDWO;3;1997-02-10;1997-03-24;Anchorage;USA
10442;ERNSH;3;1997-02-11;1997-03-11;Graz;Österrike
10443;REGGC;8;1997-02-12;1997-03-12;Reggio Emilia;Italien
10444;BERGS;3;1997-02-12;1997-03-12;Luleå;Sverige
10445;BERGS;3;1997-02-13;1997-03-13;Luleå;Sverige
10446;TOMSP;6;1997-02-14;1997-03-14;Münster;Tyskland
10447;RICAR;4;1997-02-14;1997-03-14;Rio de Janeiro;Brasilien
10448;RANCH;4;1997-02-17;1997-03-17;Buenos Aires;Argentina
10449;BLONP;3;1997-02-18;1997-03-18;Strasbourg;Frankrike
10450;VICTE;8;1997-02-19;1997-03-19;Lyon;Frankrike
10451;QUICK;4;1997-02-19;1997-03-05;Cunewalde;Tyskland
10452;SAVEA;8;1997-02-20;1997-03-20;Boise;USA
10453;AROUT;1;1997-02-21;1997-03-21;Colchester;Storbritannien
10454;LAMAI;4;1997-02-21;1997-03-21;Toulouse;Frankrike
10455;WARTH;8;1997-02-24;1997-04-07;Uleåborg;Finland
10456;KOENE;8;1997-02-25;1997-04-08;Brandenburg;Tyskland
10457;KOENE;2;1997-02-25;1997-03-25;Brandenburg;Tyskland
10458;SUPRD;7;1997-02-26;1997-03-26;Charleroi;Belgien
10459;VICTE;4;1997-02-27;1997-03-27;Lyon;Frankrike
10460;FOLKO;8;1997-02-28;1997-03-28;Bräcke;Sverige
10461;LILAS;1;1997-02-28;1997-03-28;Barquisimeto;Venezuela
10462;CONSH;2;1997-03-03;1997-03-31;London;Storbritannien
10463;SUPRD;5;1997-03-04;1997-04-01;Charleroi;Belgien
10464;FURIB;4;1997-03-04;1997-04-01;Lissabon;Portugal
10465;VAFFE;1;1997-03-05;1997-04-02;Århus;Danmark
10466;COMMI;4;1997-03-06;1997-04-03;São Paulo;Brasilien
10467;MAGAA;8;1997-03-06;1997-04-03;Bergamo;Italien
10468;KOENE;3;1997-03-07;1997-04-04;Brandenburg;Tyskland
10469;WHITC;1;1997-03-10;1997-04-07;Seattle;USA
10470;BONAP;4;1997-03-11;1997-04-08;Marseille;Frankrike
10471;BSBEV;2;1997-03-11;1997-04-08;London;Storbritannien
10472;SEVES;8;1997-03-12;1997-04-09;London;Storbritannien
10473;ISLAT;1;1997-03-13;1997-03-27;Cowes;Storbritannien
10474;PERIC;5;1997-03-13;1997-04-10;México D.F.;Mexico
10475;SUPRD;9;1997-03-14;1997-04-11;Charleroi;Belgien
10476;HILAA;8;1997-03-17;1997-04-14;San Cristóbal;Venezuela
10477;PRINI;5;1997-03-17;1997-04-14;Lissabon;Portugal
10478;VICTE;2;1997-03-18;1997-04-01;Lyon;Frankrike
10479;RATTC;3;1997-03-19;1997-04-16;Albuquerque;USA
10480;FOLIG;6;1997-03-20;1997-04-17;Lille;Frankrike
10481;RICAR;8;1997-03-20;1997-04-17;Rio de Janeiro;Brasilien
10482;LAZYK;1;1997-03-21;1997-04-18;Walla Walla;USA
10483;WHITC;7;1997-03-24;1997-04-21;Seattle;USA
10484;BSBEV;3;1997-03-24;1997-04-21;London;Storbritannien
10485;LINOD;4;1997-03-25;1997-04-08;I. de Margarita;Venezuela
10486;HILAA;1;1997-03-26;1997-04-23;San Cristóbal;Venezuela
10487;QUEEN;2;1997-03-26;1997-04-23;São Paulo;Brasilien
10488;FRANK;8;1997-03-27;1997-04-24;München;Tyskland
10489;PICCO;6;1997-03-28;1997-04-25;Salzburg;Österrike
10490;HILAA;7;1997-03-31;1997-04-28;San Cristóbal;Venezuela
10491;FURIB;8;1997-03-31;1997-04-28;Lissabon;Portugal
10492;BOTTM;3;1997-04-01;1997-04-29;Tsawassen;Kanada
10493;LAMAI;4;1997-04-02;1997-04-30;Toulouse;Frankrike
10494;COMMI;4;1997-04-02;1997-04-30;São Paulo;Brasilien
10495;LAUGB;3;1997-04-03;1997-05-01;Vancouver;Kanada
10496;TRADH;7;1997-04-04;1997-05-02;São Paulo;Brasilien
10497;LEHMS;7;1997-04-04;1997-05-02;Frankfurt a.M.;Tyskland
10498;HILAA;8;1997-04-07;1997-05-05;San Cristóbal;Venezuela
10499;LILAS;4;1997-04-08;1997-05-06;Barquisimeto;Venezuela
10500;LAMAI;6;1997-04-09;1997-05-07;Toulouse;Frankrike
10501;BLAUS;9;1997-04-09;1997-05-07;Mannheim;Tyskland
10502;PERIC;2;1997-04-10;1997-05-08;México D.F.;Mexico
10503;HUNGO;6;1997-04-11;1997-05-09;Cork;Irland
10504;WHITC;4;1997-04-11;1997-05-09;Seattle;USA
10505;MEREP;3;1997-04-14;1997-05-12;Montreal;Kanada
10506;KOENE;9;1997-04-15;1997-05-13;Brandenburg;Tyskland
10507;ANTON;7;1997-04-15;1997-05-13;México D.F.;Mexico
10508;OTTIK;1;1997-04-16;1997-05-14;Köln;Tyskland
10509;BLAUS;4;1997-04-17;1997-05-15;Mannheim;Tyskland
10510;SAVEA;6;1997-04-18;1997-05-16;Boise;USA
10511;BONAP;4;1997-04-18;1997-05-16;Marseille;Frankrike
10512;FAMIA;7;1997-04-21;1997-05-19;São Paulo;Brasilien
10513;WANDK;7;1997-04-22;1997-06-03;Stuttgart;Tyskland
10514;ERNSH;3;1997-04-22;1997-05-20;Graz;Österrike
10515;QUICK;2;1997-04-23;1997-05-07;Cunewalde;Tyskland
10516;HUNGO;2;1997-04-24;1997-05-22;Cork;Irland
10517;NORTS;3;1997-04-24;1997-05-22;London;Storbritannien
10518;TORTU;4;1997-04-25;1997-05-09;México D.F.;Mexico
10519;CHOPS;6;1997-04-28;1997-05-26;Bern;Schweiz
10520;SANTG;7;1997-04-29;1997-05-27;Stavern;Norge
10521;CACTU;8;1997-04-29;1997-05-27;Buenos Aires;Argentina
10522;LEHMS;4;1997-04-30;1997-05-28;Frankfurt a.M.;Tyskland
10523;SEVES;7;1997-05-01;1997-05-29;London;Storbritannien
10524;BERGS;1;1997-05-01;1997-05-29;Luleå;Sverige
10525;BONAP;1;1997-05-02;1997-05-30;Marseille;Frankrike
10526;WARTH;4;1997-05-05;1997-06-02;Uleåborg;Finland
10527;QUICK;7;1997-05-05;1997-06-02;Cunewalde;Tyskland
10528;GREAL;6;1997-05-06;1997-05-20;Eugene;USA
10529;MAISD;5;1997-05-07;1997-06-04;Bryssel;Belgien
10530;PICCO;3;1997-05-08;1997-06-05;Salzburg;Österrike
10531;OCEAN;7;1997-05-08;1997-06-05;Buenos Aires;Argentina
10532;EASTC;7;1997-05-09;1997-06-06;London;Storbritannien
10533;FOLKO;8;1997-05-12;1997-06-09;Bräcke;Sverige
10534;LEHMS;8;1997-05-12;1997-06-09;Frankfurt a.M.;Tyskland
10535;ANTON;4;1997-05-13;1997-06-10;México D.F.;Mexico
10536;LEHMS;3;1997-05-14;1997-06-11;Frankfurt a.M.;Tyskland
10537;RICSU;1;1997-05-14;1997-05-28;Genève;Schweiz
10538;BSBEV;9;1997-05-15;1997-06-12;London;Storbritannien
10539;BSBEV;6;1997-05-16;1997-06-13;London;Storbritannien
10540;QUICK;3;1997-05-19;1997-06-16;Cunewalde;Tyskland
10541;HANAR;2;1997-05-19;1997-06-16;Rio de Janeiro;Brasilien
10542;KOENE;1;1997-05-20;1997-06-17;Brandenburg;Tyskland
10543;LILAS;8;1997-05-21;1997-06-18;Barquisimeto;Venezuela
10544;LONEP;4;1997-05-21;1997-06-18;Portland;USA
10545;LAZYK;8;1997-05-22;1997-06-19;Walla Walla;USA
10546;VICTE;1;1997-05-23;1997-06-20;Lyon;Frankrike
10547;SEVES;3;1997-05-23;1997-06-20;London;Storbritannien
10548;TOMSP;3;1997-05-26;1997-06-23;Münster;Tyskland
10549;QUICK;5;1997-05-27;1997-06-10;Cunewalde;Tyskland
10550;GODOS;7;1997-05-28;1997-06-25;Sevilla;Spanien
10551;FURIB;4;1997-05-28;1997-07-09;Lissabon;Portugal
10552;HILAA;2;1997-05-29;1997-06-26;San Cristóbal;Venezuela
10553;WARTH;2;1997-05-30;1997-06-27;Uleåborg;Finland
10554;OTTIK;4;1997-05-30;1997-06-27;Köln;Tyskland
10555;SAVEA;6;1997-06-02;1997-06-30;Boise;USA
10556;SIMOB;2;1997-06-03;1997-07-15;Köpenhamn;Danmark
10557;LEHMS;9;1997-06-03;1997-06-17;Frankfurt a.M.;Tyskland
10558;AROUT;1;1997-06-04;1997-07-02;Colchester;Storbritannien
10559;BLONP;6;1997-06-05;1997-07-03;Strasbourg;Frankrike
10560;FRANK;8;1997-06-06;1997-07-04;München;Tyskland
10561;FOLKO;2;1997-06-06;1997-07-04;Bräcke;Sverige
10562;REGGC;1;1997-06-09;1997-07-07;Reggio Emilia;Italien
10563;RICAR;2;1997-06-10;1997-07-22;Rio de Janeiro;Brasilien
10564;RATTC;4;1997-06-10;1997-07-08;Albuquerque;USA
10565;MEREP;8;1997-06-11;1997-07-09;Montreal;Kanada
10566;BLONP;9;1997-06-12;1997-07-10;Strasbourg;Frankrike
10567;HUNGO;1;1997-06-12;1997-07-10;Cork;Irland
10568;GALED;3;1997-06-13;1997-07-11;Barcelona;Spanien
10569;RATTC;5;1997-06-16;1997-07-14;Albuquerque;USA
10570;MEREP;3;1997-06-17;1997-07-15;Montreal;Kanada
10571;ERNSH;8;1997-06-17;1997-07-29;Graz;Österrike
10572;BERGS;3;1997-06-18;1997-07-16;Luleå;Sverige
10573;ANTON;7;1997-06-19;1997-07-17;México D.F.;Mexico
10574;TRAIH;4;1997-06-19;1997-07-17;Kirkland;USA
10575;MORGK;5;1997-06-20;1997-07-04;Leipzig;Tyskland
10576;TORTU;3;1997-06-23;1997-07-07;México D.F.;Mexico
10577;TRAIH;9;1997-06-23;1997-08-04;Kirkland;USA
10578;BSBEV;4;1997-06-24;1997-07-22;London;Storbritannien
10579;LETSS;1;1997-06-25;1997-07-23;San Francisco;USA
10580;OTTIK;4;1997-06-26;1997-07-24;Köln;Tyskland
10581;FAMIA;3;1997-06-26;1997-07-24;São Paulo;Brasilien
10582;BLAUS;3;1997-06-27;1997-07-25;Mannheim;Tyskland
10583;WARTH;2;1997-06-30;1997-07-28;Uleåborg;Finland
10584;BLONP;4;1997-06-30;1997-07-28;Strasbourg;Frankrike
10585;WELLI;7;1997-07-01;1997-07-29;Resende;Brasilien
10586;REGGC;9;1997-07-02;1997-07-30;Reggio Emilia;Italien
10587;QUEDE;1;1997-07-02;1997-07-30;Rio de Janeiro;Brasilien
10588;QUICK;2;1997-07-03;1997-07-31;Cunewalde;Tyskland
10589;GREAL;8;1997-07-04;1997-08-01;Eugene;USA
10590;MEREP;4;1997-07-07;1997-08-04;Montreal;Kanada
10591;VAFFE;1;1997-07-07;1997-07-21;Århus;Danmark
10592;LEHMS;3;1997-07-08;1997-08-05;Frankfurt a.M.;Tyskland
10593;LEHMS;7;1997-07-09;1997-08-06;Frankfurt a.M.;Tyskland
10594;OLDWO;3;1997-07-09;1997-08-06;Anchorage;USA
10595;ERNSH;2;1997-07-10;1997-08-07;Graz;Österrike
10596;WHITC;8;1997-07-11;1997-08-08;Seattle;USA
10597;PICCO;7;1997-07-11;1997-08-08;Salzburg;Österrike
10598;RATTC;1;1997-07-14;1997-08-11;Albuquerque;USA
10599;BSBEV;6;1997-07-15;1997-08-26;London;Storbritannien
10600;HUNGC;4;1997-07-16;1997-08-13;Elgin;USA
10601;HILAA;7;1997-07-16;1997-08-27;San Cristóbal;Venezuela
10602;VAFFE;8;1997-07-17;1997-08-14;Århus;Danmark
10603;SAVEA;8;1997-07-18;1997-08-15;Boise;USA
10604;FURIB;1;1997-07-18;1997-08-15;Lissabon;Portugal
10605;MEREP;1;1997-07-21;1997-08-18;Montreal;Kanada
10606;TRADH;4;1997-07-22;1997-08-19;São Paulo;Brasilien
10607;SAVEA;5;1997-07-22;1997-08-19;Boise;USA
10608;TOMSP;4;1997-07-23;1997-08-20;Münster;Tyskland
10609;DUMON;7;1997-07-24;1997-08-21;Nantes;Frankrike
10610;LAMAI;8;1997-07-25;1997-08-22;Toulouse;Frankrike
10611;WOLZA;6;1997-07-25;1997-08-22;Warszawa;Polen
10612;SAVEA;1;1997-07-28;1997-08-25;Boise;USA
10613;HILAA;4;1997-07-29;1997-08-26;San Cristóbal;Venezuela
10614;BLAUS;8;1997-07-29;1997-08-26;Mannheim;Tyskland
10615;WILMK;2;1997-07-30;1997-08-27;Helsinki;Finland
10616;GREAL;1;1997-07-31;1997-08-28;Eugene;USA
10617;GREAL;4;1997-07-31;1997-08-28;Eugene;USA
10618;MEREP;1;1997-08-01;1997-09-12;Montreal;Kanada
10619;MEREP;3;1997-08-04;1997-09-01;Montreal;Kanada
10620;LAUGB;2;1997-08-05;1997-09-02;Vancouver;Kanada
10621;ISLAT;4;1997-08-05;1997-09-02;Cowes;Storbritannien
10622;RICAR;4;1997-08-06;1997-09-03;Rio de Janeiro;Brasilien
10623;FRANK;8;1997-08-07;1997-09-04;München;Tyskland
10624;THECR;4;1997-08-07;1997-09-04;Butte;USA
10625;ANATR;3;1997-08-08;1997-09-05;México D.F.;Mexico
10626;BERGS;1;1997-08-11;1997-09-08;Luleå;Sverige
10627;SAVEA;8;1997-08-11;1997-09-22;Boise;USA
10628;BLONP;4;1997-08-12;1997-09-09;Strasbourg;Frankrike
10629;GODOS;4;1997-08-12;1997-09-09;Sevilla;Spanien
10630;KOENE;1;1997-08-13;1997-09-10;Brandenburg;Tyskland
10631;LAMAI;8;1997-08-14;1997-09-11;Toulouse;Frankrike
10632;WANDK;8;1997-08-14;1997-09-11;Stuttgart;Tyskland
10633;ERNSH;7;1997-08-15;1997-09-12;Graz;Österrike
10634;FOLIG;4;1997-08-15;1997-09-12;Lille;Frankrike
10635;MAGAA;8;1997-08-18;1997-09-15;Bergamo;Italien
10636;WARTH;4;1997-08-19;1997-09-16;Uleåborg;Finland
10637;QUEEN;6;1997-08-19;1997-09-16;São Paulo;Brasilien
10638;LINOD;3;1997-08-20;1997-09-17;I. de Margarita;Venezuela
10639;SANTG;7;1997-08-20;1997-09-17;Stavern;Norge
10640;WANDK;4;1997-08-21;1997-09-18;Stuttgart;Tyskland
10641;HILAA;4;1997-08-22;1997-09-19;San Cristóbal;Venezuela
10642;SIMOB;7;1997-08-22;1997-09-19;Köpenhamn;Danmark
10643;ALFKI;6;1997-08-25;1997-09-22;Berlin;Tyskland
10644;WELLI;3;1997-08-25;1997-09-22;Resende;Brasilien
10645;HANAR;4;1997-08-26;1997-09-23;Rio de Janeiro;Brasilien
10646;HUNGO;9;1997-08-27;1997-10-08;Cork;Irland
10647;QUEDE;4;1997-08-27;1997-09-10;Rio de Janeiro;Brasilien
10648;RICAR;5;1997-08-28;1997-10-09;Rio de Janeiro;Brasilien
10649;MAISD;5;1997-08-28;1997-09-25;Bryssel;Belgien
10650;FAMIA;5;1997-08-29;1997-09-26;São Paulo;Brasilien
10651;WANDK;8;1997-09-01;1997-09-29;Stuttgart;Tyskland
10652;GOURL;4;1997-09-01;1997-09-29;Campinas;Brasilien
10653;FRANK;1;1997-09-02;1997-09-30;München;Tyskland
10654;BERGS;5;1997-09-02;1997-09-30;Luleå;Sverige
10655;REGGC;1;1997-09-03;1997-10-01;Reggio Emilia;Italien
10656;GREAL;6;1997-09-04;1997-10-02;Eugene;USA
10657;SAVEA;2;1997-09-04;1997-10-02;Boise;USA
10658;QUICK;4;1997-09-05;1997-10-03;Cunewalde;Tyskland
10659;QUEEN;7;1997-09-05;1997-10-03;São Paulo;Brasilien
10660;HUNGC;8;1997-09-08;1997-10-06;Elgin;USA
10661;HUNGO;7;1997-09-09;1997-10-07;Cork;Irland
10662;LONEP;3;1997-09-09;1997-10-07;Portland;USA
10663;BONAP;2;1997-09-10;1997-09-24;Marseille;Frankrike
10664;FURIB;1;1997-09-10;1997-10-08;Lissabon;Portugal
10665;LONEP;1;1997-09-11;1997-10-09;Portland;USA
10666;RICSU;7;1997-09-12;1997-10-10;Genève;Schweiz
10667;ERNSH;7;1997-09-12;1997-10-10;Graz;Österrike
10668;WANDK;1;1997-09-15;1997-10-13;Stuttgart;Tyskland
10669;SIMOB;2;1997-09-15;1997-10-13;Köpenhamn;Danmark
10670;FRANK;4;1997-09-16;1997-10-14;München;Tyskland
10671;FRANR;1;1997-09-17;1997-10-15;Nantes;Frankrike
10672;BERGS;9;1997-09-17;1997-10-01;Luleå;Sverige
10673;WILMK;2;1997-09-18;1997-10-16;Helsinki;Finland
10674;ISLAT;4;1997-09-18;1997-10-16;Cowes;Storbritannien
10675;FRANK;5;1997-09-19;1997-10-17;München;Tyskland
10676;TORTU;2;1997-09-22;1997-10-20;México D.F.;Mexico
10677;ANTON;1;1997-09-22;1997-10-20;México D.F.;Mexico
10678;SAVEA;7;1997-09-23;1997-10-21;Boise;USA
10679;BLONP;8;1997-09-23;1997-10-21;Strasbourg;Frankrike
10680;OLDWO;1;1997-09-24;1997-10-22;Anchorage;USA
10681;GREAL;3;1997-09-25;1997-10-23;Eugene;USA
10682;ANTON;3;1997-09-25;1997-10-23;México D.F.;Mexico
10683;DUMON;2;1997-09-26;1997-10-24;Nantes;Frankrike
10684;OTTIK;3;1997-09-26;1997-10-24;Köln;Tyskland
10685;GOURL;4;1997-09-29;1997-10-13;Campinas;Brasilien
10686;PICCO;2;1997-09-30;1997-10-28;Salzburg;Österrike
10687;HUNGO;9;1997-09-30;1997-10-28;Cork;Irland
10688;VAFFE;4;1997-10-01;1997-10-15;Århus;Danmark
10689;BERGS;1;1997-10-01;1997-10-29;Luleå;Sverige
10690;HANAR;1;1997-10-02;1997-10-30;Rio de Janeiro;Brasilien
10691;QUICK;2;1997-10-03;1997-11-14;Cunewalde;Tyskland
10692;ALFKI;4;1997-10-03;1997-10-31;Berlin;Tyskland
10693;WHITC;3;1997-10-06;1997-10-20;Seattle;USA
10694;QUICK;8;1997-10-06;1997-11-03;Cunewalde;Tyskland
10695;WILMK;7;1997-10-07;1997-11-18;Helsinki;Finland
10696;WHITC;8;1997-10-08;1997-11-19;Seattle;USA
10697;LINOD;3;1997-10-08;1997-11-05;I. de Margarita;Venezuela
10698;ERNSH;4;1997-10-09;1997-11-06;Graz;Österrike
10699;MORGK;3;1997-10-09;1997-11-06;Leipzig;Tyskland
10700;SAVEA;3;1997-10-10;1997-11-07;Boise;USA
10701;HUNGO;6;1997-10-13;1997-10-27;Cork;Irland
10702;ALFKI;4;1997-10-13;1997-11-24;Berlin;Tyskland
10703;FOLKO;6;1997-10-14;1997-11-11;Bräcke;Sverige
10704;QUEEN;6;1997-10-14;1997-11-11;São Paulo;Brasilien
10705;HILAA;9;1997-10-15;1997-11-12;San Cristóbal;Venezuela
10706;OLDWO;8;1997-10-16;1997-11-13;Anchorage;USA
10707;AROUT;4;1997-10-16;1997-10-30;Colchester;Storbritannien
10708;THEBI;6;1997-10-17;1997-11-28;Portland;USA
10709;GOURL;1;1997-10-17;1997-11-14;Campinas;Brasilien
10710;FRANS;1;1997-10-20;1997-11-17;Torino;Italien
10711;SAVEA;5;1997-10-21;1997-12-02;Boise;USA
10712;HUNGO;3;1997-10-21;1997-11-18;Cork;Irland
10713;SAVEA;1;1997-10-22;1997-11-19;Boise;USA
10714;SAVEA;5;1997-10-22;1997-11-19;Boise;USA
10715;BONAP;3;1997-10-23;1997-11-06;Marseille;Frankrike
10716;RANCH;4;1997-10-24;1997-11-21;Buenos Aires;Argentina
10717;FRANK;1;1997-10-24;1997-11-21;München;Tyskland
10718;KOENE;1;1997-10-27;1997-11-24;Brandenburg;Tyskland
10719;LETSS;8;1997-10-27;1997-11-24;San Francisco;USA
10720;QUEDE;8;1997-10-28;1997-11-11;Rio de Janeiro;Brasilien
10721;QUICK;5;1997-10-29;1997-11-26;Cunewalde;Tyskland
10722;SAVEA;8;1997-10-29;1997-12-10;Boise;USA
10723;WHITC;3;1997-10-30;1997-11-27;Seattle;USA
10724;MEREP;8;1997-10-30;1997-12-11;Montreal;Kanada
10725;FAMIA;4;1997-10-31;1997-11-28;São Paulo;Brasilien
10726;EASTC;4;1997-11-03;1997-11-17;London;Storbritannien
10727;REGGC;2;1997-11-03;1997-12-01;Reggio Emilia;Italien
10728;QUEEN;4;1997-11-04;1997-12-02;São Paulo;Brasilien
10729;LINOD;8;1997-11-04;1997-12-16;I. de Margarita;Venezuela
10730;BONAP;5;1997-11-05;1997-12-03;Marseille;Frankrike
10731;CHOPS;7;1997-11-06;1997-12-04;Bern;Schweiz
10732;BONAP;3;1997-11-06;1997-12-04;Marseille;Frankrike
10733;BERGS;1;1997-11-07;1997-12-05;Luleå;Sverige
10734;GOURL;2;1997-11-07;1997-12-05;Campinas;Brasilien
10735;LETSS;6;1997-11-10;1997-12-08;San Francisco;USA
10736;HUNGO;9;1997-11-11;1997-12-09;Cork;Irland
10737;VINET;2;1997-11-11;1997-12-09;Reims;Frankrike
10738;SPECD;2;1997-11-12;1997-12-10;Paris;Frankrike
10739;VINET;3;1997-11-12;1997-12-10;Reims;Frankrike
10740;WHITC;4;1997-11-13;1997-12-11;Seattle;USA
10741;AROUT;4;1997-11-14;1997-11-28;Colchester;Storbritannien
10742;BOTTM;3;1997-11-14;1997-12-12;Tsawassen;Kanada
10743;AROUT;1;1997-11-17;1997-12-15;Colchester;Storbritannien
10744;VAFFE;6;1997-11-17;1997-12-15;Århus;Danmark
10745;QUICK;9;1997-11-18;1997-12-16;Cunewalde;Tyskland
10746;CHOPS;1;1997-11-19;1997-12-17;Bern;Schweiz
10747;PICCO;6;1997-11-19;1997-12-17;Salzburg;Österrike
10748;SAVEA;3;1997-11-20;1997-12-18;Boise;USA
10749;ISLAT;4;1997-11-20;1997-12-18;Cowes;Storbritannien
10750;WARTH;9;1997-11-21;1997-12-19;Uleåborg;Finland
10751;RICSU;3;1997-11-24;1997-12-22;Genève;Schweiz
10752;NORTS;2;1997-11-24;1997-12-22;London;Storbritannien
10753;FRANS;3;1997-11-25;1997-12-23;Torino;Italien
10754;MAGAA;6;1997-11-25;1997-12-23;Bergamo;Italien
10755;BONAP;4;1997-11-26;1997-12-24;Marseille;Frankrike
10756;SPLIR;8;1997-11-27;1997-12-25;Lander;USA
10757;SAVEA;6;1997-11-27;1997-12-25;Boise;USA
10758;RICSU;3;1997-11-28;1997-12-26;Genève;Schweiz
10759;ANATR;3;1997-11-28;1997-12-26;México D.F.;Mexico
10760;MAISD;4;1997-12-01;1997-12-29;Bryssel;Belgien
10761;RATTC;5;1997-12-02;1997-12-30;Albuquerque;USA
10762;FOLKO;3;1997-12-02;1997-12-30;Bräcke;Sverige
10763;FOLIG;3;1997-12-03;1997-12-31;Lille;Frankrike
10764;ERNSH;6;1997-12-03;1997-12-31;Graz;Österrike
10765;QUICK;3;1997-12-04;1998-01-01;Cunewalde;Tyskland
10766;OTTIK;4;1997-12-05;1998-01-02;Köln;Tyskland
10767;SUPRD;4;1997-12-05;1998-01-02;Charleroi;Belgien
10768;AROUT;3;1997-12-08;1998-01-05;Colchester;Storbritannien
10769;VAFFE;3;1997-12-08;1998-01-05;Århus;Danmark
10770;HANAR;8;1997-12-09;1998-01-06;Rio de Janeiro;Brasilien
10771;ERNSH;9;1997-12-10;1998-01-07;Graz;Österrike
10772;LEHMS;3;1997-12-10;1998-01-07;Frankfurt a.M.;Tyskland
10773;ERNSH;1;1997-12-11;1998-01-08;Graz;Österrike
10774;FOLKO;4;1997-12-11;1997-12-25;Bräcke;Sverige
10775;THECR;7;1997-12-12;1998-01-09;Butte;USA
10776;ERNSH;1;1997-12-15;1998-01-12;Graz;Österrike
10777;GOURL;7;1997-12-15;1997-12-29;Campinas;Brasilien
10778;BERGS;3;1997-12-16;1998-01-13;Luleå;Sverige
10779;MORGK;3;1997-12-16;1998-01-13;Leipzig;Tyskland
10780;LILAS;2;1997-12-16;1997-12-30;Barquisimeto;Venezuela
10781;WARTH;2;1997-12-17;1998-01-14;Uleåborg;Finland
10782;CACTU;9;1997-12-17;1998-01-14;Buenos Aires;Argentina
10783;HANAR;4;1997-12-18;1998-01-15;Rio de Janeiro;Brasilien
10784;MAGAA;4;1997-12-18;1998-01-15;Bergamo;Italien
10785;GROSR;1;1997-12-18;1998-01-15;Caracas;Venezuela
10786;QUEEN;8;1997-12-19;1998-01-16;São Paulo;Brasilien
10787;LAMAI;2;1997-12-19;1998-01-02;Toulouse;Frankrike
10788;QUICK;1;1997-12-22;1998-01-19;Cunewalde;Tyskland
10789;FOLIG;1;1997-12-22;1998-01-19;Lille;Frankrike
10790;GOURL;6;1997-12-22;1998-01-19;Campinas;Brasilien
10791;FRANK;6;1997-12-23;1998-01-20;München;Tyskland
10792;WOLZA;1;1997-12-23;1998-01-20;Warszawa;Polen
10793;AROUT;3;1997-12-24;1998-01-21;Colchester;Storbritannien
10794;QUEDE;6;1997-12-24;1998-01-21;Rio de Janeiro;Brasilien
10795;ERNSH;8;1997-12-24;1998-01-21;Graz;Österrike
10796;HILAA;3;1997-12-25;1998-01-22;San Cristóbal;Venezuela
10797;DRACD;7;1997-12-25;1998-01-22;Aachen;Tyskland
10798;ISLAT;2;1997-12-26;1998-01-23;Cowes;Storbritannien
10799;KOENE;9;1997-12-26;1998-02-06;Brandenburg;Tyskland
10800;SEVES;1;1997-12-26;1998-01-23;London;Storbritannien
10801;BOLID;4;1997-12-29;1998-01-26;Madrid;Spanien
10802;SIMOB;4;1997-12-29;1998-01-26;Köpenhamn;Danmark
10803;WELLI;4;1997-12-30;1998-01-27;Resende;Brasilien
10804;SEVES;6;1997-12-30;1998-01-27;London;Storbritannien
10805;THEBI;2;1997-12-30;1998-01-27;Portland;USA
10806;VICTE;3;1997-12-31;1998-01-28;Lyon;Frankrike
10807;FRANS;4;1997-12-31;1998-01-28;Torino;Italien
10808;OLDWO;2;1998-01-01;1998-01-29;Anchorage;USA
10809;WELLI;7;1998-01-01;1998-01-29;Resende;Brasilien
10810;LAUGB;2;1998-01-01;1998-01-29;Vancouver;Kanada
10811;LINOD;8;1998-01-02;1998-01-30;I. de Margarita;Venezuela
10812;REGGC;5;1998-01-02;1998-01-30;Reggio Emilia;Italien
10813;RICAR;1;1998-01-05;1998-02-02;Rio de Janeiro;Brasilien
10814;VICTE;3;1998-01-05;1998-02-02;Lyon;Frankrike
10815;SAVEA;2;1998-01-05;1998-02-02;Boise;USA
10816;GREAL;4;1998-01-06;1998-02-03;Eugene;USA
10817;KOENE;3;1998-01-06;1998-01-20;Brandenburg;Tyskland
10818;MAGAA;7;1998-01-07;1998-02-04;Bergamo;Italien
10819;CACTU;2;1998-01-07;1998-02-04;Buenos Aires;Argentina
10820;RATTC;3;1998-01-07;1998-02-04;Albuquerque;USA
10821;SPLIR;1;1998-01-08;1998-02-05;Lander;USA
10822;TRAIH;6;1998-01-08;1998-02-05;Kirkland;USA
10823;LILAS;5;1998-01-09;1998-02-06;Barquisimeto;Venezuela
10824;FOLKO;8;1998-01-09;1998-02-06;Bräcke;Sverige
10825;DRACD;1;1998-01-09;1998-02-06;Aachen;Tyskland
10826;BLONP;6;1998-01-12;1998-02-09;Strasbourg;Frankrike
10827;BONAP;1;1998-01-12;1998-01-26;Marseille;Frankrike
10828;RANCH;9;1998-01-13;1998-01-27;Buenos Aires;Argentina
10829;ISLAT;9;1998-01-13;1998-02-10;Cowes;Storbritannien
10830;TRADH;4;1998-01-13;1998-02-24;São Paulo;Brasilien
10831;SANTG;3;1998-01-14;1998-02-11;Stavern;Norge
10832;LAMAI;2;1998-01-14;1998-02-11;Toulouse;Frankrike
10833;OTTIK;6;1998-01-15;1998-02-12;Köln;Tyskland
10834;TRADH;1;1998-01-15;1998-02-12;São Paulo;Brasilien
10835;ALFKI;1;1998-01-15;1998-02-12;Berlin;Tyskland
10836;ERNSH;7;1998-01-16;1998-02-13;Graz;Österrike
10837;BERGS;9;1998-01-16;1998-02-13;Luleå;Sverige
10838;LINOD;3;1998-01-19;1998-02-16;I. de Margarita;Venezuela
10839;TRADH;3;1998-01-19;1998-02-16;São Paulo;Brasilien
10840;LINOD;4;1998-01-19;1998-03-02;I. de Margarita;Venezuela
10841;SUPRD;5;1998-01-20;1998-02-17;Charleroi;Belgien
10842;TORTU;1;1998-01-20;1998-02-17;México D.F.;Mexico
10843;VICTE;4;1998-01-21;1998-02-18;Lyon;Frankrike
10844;PICCO;8;1998-01-21;1998-02-18;Salzburg;Österrike
10845;QUICK;8;1998-01-21;1998-02-04;Cunewalde;Tyskland
10846;SUPRD;2;1998-01-22;1998-03-05;Charleroi;Belgien
10847;SAVEA;4;1998-01-22;1998-02-05;Boise;USA
10848;CONSH;7;1998-01-23;1998-02-20;London;Storbritannien
10849;KOENE;9;1998-01-23;1998-02-20;Brandenburg;Tyskland
10850;VICTE;1;1998-01-23;1998-03-06;Lyon;Frankrike
10851;RICAR;5;1998-01-26;1998-02-23;Rio de Janeiro;Brasilien
10852;RATTC;8;1998-01-26;1998-02-09;Albuquerque;USA
10853;BLAUS;9;1998-01-27;1998-02-24;Mannheim;Tyskland
10854;ERNSH;3;1998-01-27;1998-02-24;Graz;Österrike
10855;OLDWO;3;1998-01-27;1998-02-24;Anchorage;USA
10856;ANTON;3;1998-01-28;1998-02-25;México D.F.;Mexico
10857;BERGS;8;1998-01-28;1998-02-25;Luleå;Sverige
10858;LACOR;2;1998-01-29;1998-02-26;Versailles;Frankrike
10859;FRANK;1;1998-01-29;1998-02-26;München;Tyskland
10860;FRANR;3;1998-01-29;1998-02-26;Nantes;Frankrike
10861;WHITC;4;1998-01-30;1998-02-27;Seattle;USA
10862;LEHMS;8;1998-01-30;1998-03-13;Frankfurt a.M.;Tyskland
10863;HILAA;4;1998-02-02;1998-03-02;San Cristóbal;Venezuela
10864;AROUT;4;1998-02-02;1998-03-02;Colchester;Storbritannien
10865;QUICK;2;1998-02-02;1998-02-16;Cunewalde;Tyskland
10866;BERGS;5;1998-02-03;1998-03-03;Luleå;Sverige
10867;LONEP;6;1998-02-03;1998-03-17;Portland;USA
10868;QUEEN;7;1998-02-04;1998-03-04;São Paulo;Brasilien
10869;SEVES;5;1998-02-04;1998-03-04;London;Storbritannien
10870;WOLZA;5;1998-02-04;1998-03-04;Warszawa;Polen
10871;BONAP;9;1998-02-05;1998-03-05;Marseille;Frankrike
10872;GODOS;5;1998-02-05;1998-03-05;Sevilla;Spanien
10873;WILMK;4;1998-02-06;1998-03-06;Helsinki;Finland
10874;GODOS;5;1998-02-06;1998-03-06;Sevilla;Spanien
10875;BERGS;4;1998-02-06;1998-03-06;Luleå;Sverige
10876;BONAP;7;1998-02-09;1998-03-09;Marseille;Frankrike
10877;RICAR;1;1998-02-09;1998-03-09;Rio de Janeiro;Brasilien
10878;QUICK;4;1998-02-10;1998-03-10;Cunewalde;Tyskland
10879;WILMK;3;1998-02-10;1998-03-10;Helsinki;Finland
10880;FOLKO;7;1998-02-10;1998-03-24;Bräcke;Sverige
10881;CACTU;4;1998-02-11;1998-03-11;Buenos Aires;Argentina
10882;SAVEA;4;1998-02-11;1998-03-11;Boise;USA
10883;LONEP;8;1998-02-12;1998-03-12;Portland;USA
10884;LETSS;4;1998-02-12;1998-03-12;San Francisco;USA
10885;SUPRD;6;1998-02-12;1998-03-12;Charleroi;Belgien
10886;HANAR;1;1998-02-13;1998-03-13;Rio de Janeiro;Brasilien
10887;GALED;8;1998-02-13;1998-03-13;Barcelona;Spanien
10888;GODOS;1;1998-02-16;1998-03-16;Sevilla;Spanien
10889;RATTC;9;1998-02-16;1998-03-16;Albuquerque;USA
10890;DUMON;7;1998-02-16;1998-03-16;Nantes;Frankrike
10891;LEHMS;7;1998-02-17;1998-03-17;Frankfurt a.M.;Tyskland
10892;MAISD;4;1998-02-17;1998-03-17;Bryssel;Belgien
10893;KOENE;9;1998-02-18;1998-03-18;Brandenburg;Tyskland
10894;SAVEA;1;1998-02-18;1998-03-18;Boise;USA
10895;ERNSH;3;1998-02-18;1998-03-18;Graz;Österrike
10896;MAISD;7;1998-02-19;1998-03-19;Bryssel;Belgien
10897;HUNGO;3;1998-02-19;1998-03-19;Cork;Irland
10898;OCEAN;4;1998-02-20;1998-03-20;Buenos Aires;Argentina
10899;LILAS;5;1998-02-20;1998-03-20;Barquisimeto;Venezuela
10900;WELLI;1;1998-02-20;1998-03-20;Resende;Brasilien
10901;HILAA;4;1998-02-23;1998-03-23;San Cristóbal;Venezuela
10902;FOLKO;1;1998-02-23;1998-03-23;Bräcke;Sverige
10903;HANAR;3;1998-02-24;1998-03-24;Rio de Janeiro;Brasilien
10904;WHITC;3;1998-02-24;1998-03-24;Seattle;USA
10905;WELLI;9;1998-02-24;1998-03-24;Resende;Brasilien
10906;WOLZA;4;1998-02-25;1998-03-11;Warszawa;Polen
10907;SPECD;6;1998-02-25;1998-03-25;Paris;Frankrike
10908;REGGC;4;1998-02-26;1998-03-26;Reggio Emilia;Italien
10909;SANTG;1;1998-02-26;1998-03-26;Stavern;Norge
10910;WILMK;1;1998-02-26;1998-03-26;Helsinki;Finland
10911;GODOS;3;1998-02-26;1998-03-26;Sevilla;Spanien
10912;HUNGO;2;1998-02-26;1998-03-26;Cork;Irland
10913;QUEEN;4;1998-02-26;1998-03-26;São Paulo;Brasilien
10914;QUEEN;6;1998-02-27;1998-03-27;São Paulo;Brasilien
10915;TORTU;2;1998-02-27;1998-03-27;México D.F.;Mexico
10916;RANCH;1;1998-02-27;1998-03-27;Buenos Aires;Argentina
10917;ROMEY;4;1998-03-02;1998-03-30;Madrid;Spanien
10918;BOTTM;3;1998-03-02;1998-03-30;Tsawassen;Kanada
10919;LINOD;2;1998-03-02;1998-03-30;I. de Margarita;Venezuela
10920;AROUT;4;1998-03-03;1998-03-31;Colchester;Storbritannien
10921;VAFFE;1;1998-03-03;1998-04-14;Århus;Danmark
10922;HANAR;5;1998-03-03;1998-03-31;Rio de Janeiro;Brasilien
10923;LAMAI;7;1998-03-03;1998-04-14;Toulouse;Frankrike
10924;BERGS;3;1998-03-04;1998-04-01;Luleå;Sverige
10925;HANAR;3;1998-03-04;1998-04-01;Rio de Janeiro;Brasilien
10926;ANATR;4;1998-03-04;1998-04-01;México D.F.;Mexico
10927;LACOR;4;1998-03-05;1998-04-02;Versailles;Frankrike
10928;GALED;1;1998-03-05;1998-04-02;Barcelona;Spanien
10929;FRANK;6;1998-03-05;1998-04-02;München;Tyskland
10930;SUPRD;4;1998-03-06;1998-04-17;Charleroi;Belgien
10931;RICSU;4;1998-03-06;1998-03-20;Genève;Schweiz
10932;BONAP;8;1998-03-06;1998-04-03;Marseille;Frankrike
10933;ISLAT;6;1998-03-06;1998-04-03;Cowes;Storbritannien
10934;LEHMS;3;1998-03-09;1998-04-06;Frankfurt a.M.;Tyskland
10935;WELLI;4;1998-03-09;1998-04-06;Resende;Brasilien
10936;GREAL;3;1998-03-09;1998-04-06;Eugene;USA
10937;CACTU;7;1998-03-10;1998-03-24;Buenos Aires;Argentina
10938;QUICK;3;1998-03-10;1998-04-07;Cunewalde;Tyskland
10939;MAGAA;2;1998-03-10;1998-04-07;Bergamo;Italien
10940;BONAP;8;1998-03-11;1998-04-08;Marseille;Frankrike
10941;SAVEA;7;1998-03-11;1998-04-08;Boise;USA
10942;REGGC;9;1998-03-11;1998-04-08;Reggio Emilia;Italien
10943;BSBEV;4;1998-03-11;1998-04-08;London;Storbritannien
10944;BOTTM;6;1998-03-12;1998-03-26;Tsawassen;Kanada
10945;MORGK;4;1998-03-12;1998-04-09;Leipzig;Tyskland
10946;VAFFE;1;1998-03-12;1998-04-09;Århus;Danmark
10947;BSBEV;3;1998-03-13;1998-04-10;London;Storbritannien
10948;GODOS;3;1998-03-13;1998-04-10;Sevilla;Spanien
10949;BOTTM;2;1998-03-13;1998-04-10;Tsawassen;Kanada
10950;MAGAA;1;1998-03-16;1998-04-13;Bergamo;Italien
10951;RICSU;9;1998-03-16;1998-04-27;Genève;Schweiz
10952;ALFKI;1;1998-03-16;1998-04-27;Berlin;Tyskland
10953;AROUT;9;1998-03-16;1998-03-30;Colchester;Storbritannien
10954;LINOD;5;1998-03-17;1998-04-28;I. de Margarita;Venezuela
10955;FOLKO;8;1998-03-17;1998-04-14;Bräcke;Sverige
10956;BLAUS;6;1998-03-17;1998-04-28;Mannheim;Tyskland
10957;HILAA;8;1998-03-18;1998-04-15;San Cristóbal;Venezuela
10958;OCEAN;7;1998-03-18;1998-04-15;Buenos Aires;Argentina
10959;GOURL;6;1998-03-18;1998-04-29;Campinas;Brasilien
10960;HILAA;3;1998-03-19;1998-04-02;San Cristóbal;Venezuela
10961;QUEEN;8;1998-03-19;1998-04-16;São Paulo;Brasilien
10962;QUICK;8;1998-03-19;1998-04-16;Cunewalde;Tyskland
10963;FURIB;9;1998-03-19;1998-04-16;Lissabon;Portugal
10964;SPECD;3;1998-03-20;1998-04-17;Paris;Frankrike
10965;OLDWO;6;1998-03-20;1998-04-17;Anchorage;USA
10966;CHOPS;4;1998-03-20;1998-04-17;Bern;Schweiz
10967;TOMSP;2;1998-03-23;1998-04-20;Münster;Tyskland
10968;ERNSH;1;1998-03-23;1998-04-20;Graz;Österrike
10969;COMMI;1;1998-03-23;1998-04-20;São Paulo;Brasilien
10970;BOLID;9;1998-03-24;1998-04-07;Madrid;Spanien
10971;FRANR;2;1998-03-24;1998-04-21;Nantes;Frankrike
10972;LACOR;4;1998-03-24;1998-04-21;Versailles;Frankrike
10973;LACOR;6;1998-03-24;1998-04-21;Versailles;Frankrike
10974;SPLIR;3;1998-03-25;1998-04-08;Lander;USA
10975;BOTTM;1;1998-03-25;1998-04-22;Tsawassen;Kanada
10976;HILAA;1;1998-03-25;1998-05-06;San Cristóbal;Venezuela
10977;FOLKO;8;1998-03-26;1998-04-23;Bräcke;Sverige
10978;MAISD;9;1998-03-26;1998-04-23;Bryssel;Belgien
10979;ERNSH;8;1998-03-26;1998-04-23;Graz;Österrike
10980;FOLKO;4;1998-03-27;1998-05-08;Bräcke;Sverige
10981;HANAR;1;1998-03-27;1998-04-24;Rio de Janeiro;Brasilien
10982;BOTTM;2;1998-03-27;1998-04-24;Tsawassen;Kanada
10983;SAVEA;2;1998-03-27;1998-04-24;Boise;USA
10984;SAVEA;1;1998-03-30;1998-04-27;Boise;USA
10985;HUNGO;2;1998-03-30;1998-04-27;Cork;Irland
10986;OCEAN;8;1998-03-30;1998-04-27;Buenos Aires;Argentina
10987;EASTC;8;1998-03-31;1998-04-28;London;Storbritannien
10988;RATTC;3;1998-03-31;1998-04-28;Albuquerque;USA
10989;QUEDE;2;1998-03-31;1998-04-28;Rio de Janeiro;Brasilien
10990;ERNSH;2;1998-04-01;1998-05-13;Graz;Österrike
10991;QUICK;1;1998-04-01;1998-04-29;Cunewalde;Tyskland
10992;THEBI;1;1998-04-01;1998-04-29;Portland;USA
10993;FOLKO;7;1998-04-01;1998-04-29;Bräcke;Sverige
10994;VAFFE;2;1998-04-02;1998-04-16;Århus;Danmark
10995;PERIC;1;1998-04-02;1998-04-30;México D.F.;Mexico
10996;QUICK;4;1998-04-02;1998-04-30;Cunewalde;Tyskland
10997;LILAS;8;1998-04-03;1998-05-15;Barquisimeto;Venezuela
10998;WOLZA;8;1998-04-03;1998-04-17;Warszawa;Polen
10999;OTTIK;6;1998-04-03;1998-05-01;Köln;Tyskland
11000;RATTC;2;1998-04-06;1998-05-04;Albuquerque;USA
11001;FOLKO;2;1998-04-06;1998-05-04;Bräcke;Sverige
11002;SAVEA;4;1998-04-06;1998-05-04;Boise;USA
11003;THECR;3;1998-04-06;1998-05-04;Butte;USA
11004;MAISD;3;1998-04-07;1998-05-05;Bryssel;Belgien
11005;WILMK;2;1998-04-07;1998-05-05;Helsinki;Finland
11006;GREAL;3;1998-04-07;1998-05-05;Eugene;USA
11007;PRINI;8;1998-04-08;1998-05-06;Lissabon;Portugal
11008;ERNSH;7;1998-04-08;1998-05-06;Graz;Österrike
11009;GODOS;2;1998-04-08;1998-05-06;Sevilla;Spanien
11010;REGGC;2;1998-04-09;1998-05-07;Reggio Emilia;Italien
11011;ALFKI;3;1998-04-09;1998-05-07;Berlin;Tyskland
11012;FRANK;1;1998-04-09;1998-04-23;München;Tyskland
11013;ROMEY;2;1998-04-09;1998-05-07;Madrid;Spanien
11014;LINOD;2;1998-04-10;1998-05-08;I. de Margarita;Venezuela
11015;SANTG;2;1998-04-10;1998-04-24;Stavern;Norge
11016;AROUT;9;1998-04-10;1998-05-08;Colchester;Storbritannien
11017;ERNSH;9;1998-04-13;1998-05-11;Graz;Österrike
11018;LONEP;4;1998-04-13;1998-05-11;Portland;USA
11019;RANCH;6;1998-04-13;1998-05-11;Buenos Aires;Argentina
11020;OTTIK;2;1998-04-14;1998-05-12;Köln;Tyskland
11021;QUICK;3;1998-04-14;1998-05-12;Cunewalde;Tyskland
11022;HANAR;9;1998-04-14;1998-05-12;Rio de Janeiro;Brasilien
11023;BSBEV;1;1998-04-14;1998-04-28;London;Storbritannien
11024;EASTC;4;1998-04-15;1998-05-13;London;Storbritannien
11025;WARTH;6;1998-04-15;1998-05-13;Uleåborg;Finland
11026;FRANS;4;1998-04-15;1998-05-13;Torino;Italien
11027;BOTTM;1;1998-04-16;1998-05-14;Tsawassen;Kanada
11028;KOENE;2;1998-04-16;1998-05-14;Brandenburg;Tyskland
11029;CHOPS;4;1998-04-16;1998-05-14;Bern;Schweiz
11030;SAVEA;7;1998-04-17;1998-05-15;Boise;USA
11031;SAVEA;6;1998-04-17;1998-05-15;Boise;USA
11032;WHITC;2;1998-04-17;1998-05-15;Seattle;USA
11033;RICSU;7;1998-04-17;1998-05-15;Genève;Schweiz
11034;OLDWO;8;1998-04-20;1998-06-01;Anchorage;USA
11035;SUPRD;2;1998-04-20;1998-05-18;Charleroi;Belgien
11036;DRACD;8;1998-04-20;1998-05-18;Aachen;Tyskland
11037;GODOS;7;1998-04-21;1998-05-19;Sevilla;Spanien
11038;SUPRD;1;1998-04-21;1998-05-19;Charleroi;Belgien
11039;LINOD;1;1998-04-21;1998-05-19;I. de Margarita;Venezuela
11040;GREAL;4;1998-04-22;1998-05-20;Eugene;USA
11041;CHOPS;3;1998-04-22;1998-05-20;Bern;Schweiz
11042;COMMI;2;1998-04-22;1998-05-06;São Paulo;Brasilien
11043;SPECD;5;1998-04-22;1998-05-20;Paris;Frankrike
11044;WOLZA;4;1998-04-23;1998-05-21;Warszawa;Polen
11045;BOTTM;6;1998-04-23;1998-05-21;Tsawassen;Kanada
11046;WANDK;8;1998-04-23;1998-05-21;Stuttgart;Tyskland
11047;EASTC;7;1998-04-24;1998-05-22;London;Storbritannien
11048;BOTTM;7;1998-04-24;1998-05-22;Tsawassen;Kanada
11049;GOURL;3;1998-04-24;1998-05-22;Campinas;Brasilien
11050;FOLKO;8;1998-04-27;1998-05-25;Bräcke;Sverige
11051;LAMAI;7;1998-04-27;1998-05-25;Toulouse;Frankrike
11052;HANAR;3;1998-04-27;1998-05-25;Rio de Janeiro;Brasilien
11053;PICCO;2;1998-04-27;1998-05-25;Salzburg;Österrike
11054;CACTU;8;1998-04-28;1998-05-26;Buenos Aires;Argentina
11055;HILAA;7;1998-04-28;1998-05-26;San Cristóbal;Venezuela
11056;EASTC;8;1998-04-28;1998-05-12;London;Storbritannien
11057;NORTS;3;1998-04-29;1998-05-27;London;Storbritannien
11058;BLAUS;9;1998-04-29;1998-05-27;Mannheim;Tyskland
11059;RICAR;2;1998-04-29;1998-06-10;Rio de Janeiro;Brasilien
11060;FRANS;2;1998-04-30;1998-05-28;Torino;Italien
11061;GREAL;4;1998-04-30;1998-06-11;Eugene;USA
11062;REGGC;4;1998-04-30;1998-05-28;Reggio Emilia;Italien
11063;HUNGO;3;1998-04-30;1998-05-28;Cork;Irland
11064;SAVEA;1;1998-05-01;1998-05-29;Boise;USA
11065;LILAS;8;1998-05-01;1998-05-29;Barquisimeto;Venezuela
11066;WHITC;7;1998-05-01;1998-05-29;Seattle;USA
11067;DRACD;1;1998-05-04;1998-05-18;Aachen;Tyskland
11068;QUEEN;8;1998-05-04;1998-06-01;São Paulo;Brasilien
11069;TORTU;1;1998-05-04;1998-06-01;México D.F.;Mexico
11070;LEHMS;2;1998-05-05;1998-06-02;Frankfurt a.M.;Tyskland
11071;LILAS;1;1998-05-05;1998-06-02;Barquisimeto;Venezuela
11072;ERNSH;4;1998-05-05;1998-06-02;Graz;Österrike
11073;PERIC;2;1998-05-05;1998-06-02;México D.F.;Mexico
11074;SIMOB;7;1998-05-06;1998-06-03;Köpenhamn;Danmark
11075;RICSU;8;1998-05-06;1998-06-03;Genève;Schweiz
11076;BONAP;4;1998-05-06;1998-06-03;Marseille;Frankrike
11077;RATTC;1;1998-05-06;1998-06-03;Albuquerque;USA
11100;BONAP;8;1998-08-28;;Marseille;Frankrike
11101;BLAUS;8;1998-08-28;;Mannheim;Tyskland
11102;ANATR;5;1998-08-28;;México D.F.;Mexico
11103;ANATR;8;1998-08-28;;México D.F.;Mexico
11104;ANTON;8;1998-08-28;;México D.F.;Mexico
11105;BLAUS;2;1998-08-28;1998-09-15;Mannheim;Tyskland
11106;BERGS;9;1998-08-28;1998-09-06;Luleå;Sverige
11107;WHITC;7;1998-08-28;;Seattle;USA
11108;AROUT;5;1998-09-07;;London;Storbritannien
11109;ANTON;9;1998-09-07;;México D.F.;Mexico
11110;ALFKI;5;1998-09-07;;Berlin;Tyskland
11111;ANATR;8;1998-09-07;;México D.F.;Mexico
11112;ALFKI;5;1998-09-07;;Berlin;Tyskland
11113;ANTON;5;1998-09-07;;México D.F.;Mexico
11114;ALFKI;8;1998-09-07;;Berlin;Tyskland
11115;BSBEV;8;1998-09-07;;London;Storbritannien
11116;BSBEV;2;1998-09-07;;London;Storbritannien
11117;ANTON;9;1998-09-07;;México D.F.;Mexico
11118;ANATR;8;1998-09-07;;México D.F.;Mexico
11119;AROUT;8;1998-09-07;;London;Storbritannien
11120;AROUT;5;1998-09-07;;London;Storbritannien
11121;AROUT;8;1998-09-07;;London;Storbritannien
11122;ANTON;2;1998-09-09;;México D.F.;Mexico
11126;ALFKI;5;1998-11-03;;Berlin;Tyskland
