CustomerID;CustomerName;ContactFirstName;ContactLastName;ContactTitle;ContactPosition;LastYearsSales;Address1;Address2;City;Region;Country;PostalCode;Email;WebSite;Phone;Fax
1;City_Cyclists;Chris;Christianson;Mr;Sales_Manager;20045;7464_South_Kingsway;Suite_2006;Sterling_Heights;MI;USA;48358;Christianson@bba.com;http://www.crystaldecisions.com;810-939-6479;810-939-6602
2;Pathfinders;Christine;Manley;Miss;Sales_Representative;26370;410_Eighth_Avenue;Ingen;DeKalb;IL;USA;60148;Manley@arubasport.com;http://www.crystaldecisions.com;815-756-9831;815-756-7536
3;Bike-A-Holics_Anonymous;Gary;Jannis;Mr;Sales_Associate;4500;7429_Arbutus_Boulevard;Suite_2017;Blacklick;OH;USA;43005;Jannis@downunderbikes.com;http://www.crystaldecisions.com;614-759-9924;614-759-6343
4;Psycho-Cycle;Alexander;Mast;Mr;Sales_Representative;52809;8287_Scott_Road;Ingen;Huntsville;AL;USA;35818;Mast@canbikes.com;http://www.crystaldecisions.com;205-430-0587;205-430-7737
5;Sporting_Wheels_Inc;Patrick;Reyess;Mr;Sales_Associate;85643;480_Grant_Way;Suite_1110;San_Diego;CA;USA;92150;Reyess@kangerootrikes.com;http://www.crystaldecisions.com;619-457-3186;619-457-9017
6;Rockshocks_for_Jocks;Heather;Davis;Ms;Sales_Representative;40779;1984_Sydney_Street;Ingen;Austin;TX;USA;78770;Davis@brucebikes.com;http://www.crystaldecisions.com;512-349-7705;512-349-4983
7;Poser_Cycles;Alex;Smith;Mr;Sales_Agent;10923;8194_Peter_Avenue;Ingen;Eden_Prairie;MN;USA;55360;Smith@peddlesofperth.com;http://www.crystaldecisions.com;612-947-4320;612-947-9422
8;Spokes_´N_Wheels_Ltd;Kristina;Chester;Miss;Sales_Representative;25521;3802_Georgia_Court;Ingen;Des_Moines;IA;USA;50305;Chester@koalaroad.com;http://www.crystaldecisions.com;515-237-7769;515-237-9671
9;Trail_Blazer´s_Place;Alexandra;Burris;Mrs;Owner;123658;6938_Beach_Street;Ingen;Madison;WI;USA;53795;Burris@devilbikes.com;http://www.crystaldecisions.com;608-273-4883;608-273-0423
10;Rowdy_Rims_Company;Anthony;Shoemaker;Dr;Sales_Agent;30131;4861_Second_Road;Ingen;Newbury_Park;CA;USA;91341;Shoemaker@piccolobike.com;http://www.crystaldecisions.com;805-375-0117;805-375-3533
11;Clean_Air_Transportation_Co;Bill;Carter;Mr;Sales_Associate;23789;1867_Thurlow_Lane;Suite_1304;Conshohocken;PA;USA;19453;Carter@BCS.com;http://www.crystaldecisions.com;610-941-5771;610-941-0216
12;Hooked_on_Helmets;Gerry;Wade;Mr;Owner;52964;7655_Mayberry_Crescent;Suite_209;Eden_Prairie;MN;USA;55327;Wade@dhakabike.com;http://www.crystaldecisions.com;612-947-3344;612-947-6477
13;C-Gate_Cycle_Shoppe;Matthew;Banks;Mr;Owner;29618;413_Robson_Lane;Suite_1809;Winchester;VA;USA;22618;Banks@barbadossports.com;http://www.crystaldecisions.com;540-662-7167;540-662-2730
14;Alley_Cat_Cycles;Rick;Pratt;Mr;Owner;298356;1842_St._Anne_Place;Suite_618;Concord;MA;USA;1733;Pratt@belgiumbike.com;http://www.crystaldecisions.com;508-287-8535;508-28-73694
15;The_Bike_Cellar;Christopher;Carmine;Mr;Sales_Manager;30939;8404_Nelson_Lane;Suite_2512;Winchester;VA;USA;22616;Carmine@royalcycle.com;http://www.crystaldecisions.com;540-662-2540;540-662-1333
16;Hercules_Mountain_Bikes;James;Sergent;Mr;Sales_Manager;18000;8586_St._Andrew_Crescent;Ingen;DeKalb;IL;USA;60187;Sergent@biccm.com;http://www.crystaldecisions.com;815-756-1819;815-756-7443
17;Whistler_Rentals;Will;Castillo;Mr;Owner;68000;4501_Third_Street;Suite_913;Tualatin;OR;USA;97051;Castillo@brasiliaoutdoors.com;http://www.crystaldecisions.com;503-647-3363;503-647-5593
18;Bikes_and_Trikes;Ian;Kelly;Mr;Owner;12000;2793_Highland_Boulevard;Ingen;Sterling_Heights;MI;USA;48335;Kelly@rdjbikes.com;http://www.crystaldecisions.com;810-939-2133;810-939-9564
19;Changing_Gears;David;Baker;Mr;Sales_Agent;26706;1600_Hyde_Crescent;Ingen;Irvine;CA;USA;92750;Baker@saveirosbike.com;http://www.crystaldecisions.com;714-450-7009;714-450-4103
20;Wheels_and_Stuff;Dan;Simpson;Mr;Sales_Agent;25556;2530_Bute_Avenue;Ingen;Clearwater;FL;USA;34666;Simpson@outdoors.com;http://www.crystaldecisions.com;813-539-9862;813-539-1602
21;Uni-Cycle;Daryl;Davidson;Mr;Sales_Manager;52428;1008_Kerr_Street;Ingen;Blacklick;OH;USA;43042;Davidson@brasiliabike.com;http://www.crystaldecisions.com;614-759-8634;614-7592673
22;Crank_Components;Lori;McIsaac;Miss;Sales_Representative;8030;8001_Oxford_Street;Ingen;Champaign;IL;USA;61870;McIsaac@salvadobikestore.com;http://www.crystaldecisions.com;217-359-3547;217-359-2074
23;Corporate_Cycle;Annie;Harper;Mrs;Sales_Representative;27081;2922_Cambridge_Way;Ingen;Des_Moines;IA;USA;50392;Harper@paradix.com;http://www.crystaldecisions.com;515-237-9995;515-237-0325
24;Pedal_Pusher_Bikes_Inc;Tony;Garneau;Mr;Sales_Associate;39277;4537_Robson_Way;Suite_2829;Port_Coquitlam;BC;Canada;V3C_5U3;Garneau@cyclefever.com;http://www.crystaldecisions.com;604-941-4617;604-941-1657
25;Extreme_Cycling;Zach;Fabro;Mr;Sales_Manager;69819;1925_Glenaire_Avenue;Suite_2705;Clearwater;FL;USA;34638;Fabro@dtom.com;http://www.crystaldecisions.com;813-539-4247;813-539-5445
26;Blazing_Saddles;Trisha;Sanders;Ms;Sales_Manager;42710;4755_Seventieth_Street;Suite_206;Brown_Deer;WI;USA;53226;Sanders@dagcity.com;http://www.crystaldecisions.com;414-354-0524;414-354-7009
27;The_Great_Bike_Shop;Jon;Witt;Mr;Owner;15218;1922_Beach_Crescent;Suite_914;Huntsville;AL;USA;35857;Witt@wnd.com;http://www.crystaldecisions.com;205-430-1083;205-430-6075
28;Pedals_Inc;Patricia;Manon;Miss;Sales_Manager;5000;8922_Field_Street;Ingen;Madison;WI;USA;53795;Manon@ppb.com;http://www.crystaldecisions.com;608-273-4233;608-273-7668
29;Blazing_Bikes;Gary;Campbell;Mr;Sales_Associate;19194;5202_Matthew_Boulevard;Ingen;Eden_Prairie;MN;USA;55334;Campbell@bft.com;http://www.crystaldecisions.com;612-947-5737;612-947-5930
30;Spokes_for_Folks;Brent;Lansing;Mr;Owner;47229;2340_Alexander_Way;Ingen;Hightstown;NJ;USA;8557;Lansing@cyclessports.com;http://www.crystaldecisions.com;609-426-4114;609-426-6467
31;To_The_Limit_Biking_Co;Richard;Grewal;Mr;Sales_Agent;32487;6042_Fell_Court;Ingen;Nampa;ID;USA;83649;Grewal@bikingit.com;http://www.crystaldecisions.com;208-893-5621;208-893-9208
32;Spokes;Sheryl;Rodgers;Mrs;Sales_Associate;27155;964_Jester_Court;Suite_2213;DeKalb;IL;USA;60128;Rodgers@crazyw.com;http://www.crystaldecisions.com;815-756-3253;815-756-5386
33;Fulcrum_Cycles;Markus;Holt;Dr;Sales_Manager;12014;170_St._Joseph_Boulevard;Suite_2023;Winchester;VA;USA;22691;Holt@hcc.com;http://www.crystaldecisions.com;540-662-9895;540-662-8254
34;Off_the_Mountain_Biking;Laurie;Lee-Johnson;Ms;Sales_Manager;25000;192_St._Luke_Boulevard;Suite_1724;Irvine;CA;USA;92725;Lee-Johnson@bss.com;http://www.crystaldecisions.com;714-450-3622;714-450-9776
35;Mad_Mountain_Bikes;Tracy;Hanna;Miss;Sales_Representative;35009;1995_Melbourne_Street;Suite_2813;Nampa;ID;USA;83683;Hanna@galaxy.com;http://www.crystaldecisions.com;208-893-5874;208-893-2316
36;Road_Runners_Paradise;Julia;Jackson;Mrs;Sales_Representative;20747;1053_Adelaide_Street;Ingen;Kingston;RI;USA;2880;Jackson@mindong.com;http://www.crystaldecisions.com;401-788-3133;401-788-9590
37;Has_Been_Bikes_(consignment);Jane;Fasan;Ms;Sales_Agent;300;5307_Victoria_Avenue;Ingen;Kingston;RI;USA;2827;Fasan@aic.com;http://www.crystaldecisions.com;401-788-2853;401-7889494
38;Tyred_Out;Donald;Edwards;Mr;Owner;18126;3687_Kerrisdale_Street;Suite_2115;Santa_Ana;CA;USA;92721;Edwards@ccsp.com;http://www.crystaldecisions.com;714-751-5999;714-751-3440
39;Wheels_Inc;Stacy;Bodnar;Mrs;Sales_Representative;21642;7044_King_Georfe_Street;Suite_717;Des_Moines;IA;USA;50356;Bodnar@newpeople.com;http://www.crystaldecisions.com;515-237-9667;515-237-0461
40;Cyclist´s_Trail_Co;Alexa;Quartermaine;Miss;Sales_Manager;15938;4122_Panorama_Place;Suite_2807;Sterling_Heights;MI;USA;48320;Quartermaine@globebike.com;http://www.crystaldecisions.com;810-939-0489;810-939-1611
41;Deals_on_Wheels;Ron;Cunningham;Mr;Sales_Manager;11717;6073_Cambie_Court;Suite_1214;DeKalb;IL;USA;60153;Cunningham@haonannu.com;http://www.crystaldecisions.com;815-756-7678;815-756-4293
42;Rad_Bikes;Jerry;Esler;Mr;Sales_Agent;41955;8217_Prince_Edward_Place;Ingen;Tualatin;OR;USA;97068;Esler@yuexiu.com;http://www.crystaldecisions.com;503-647-4484;503-647-1117
43;Insane_Cycle;Nadine;Scott;Miss;Owner;8000;5198_Argus_Place;Ingen;Conshohocken;PA;USA;19442;Scott@jinjing.com;http://www.crystaldecisions.com;610-941-9254;610-941-1070
44;Our_Wheels_Follow_Us_Everywhere;Robert;Walter;Mr;Sales_Manager;38171;1544_Venus_Court;Ingen;DeKalb;IL;USA;60148;Walter@pedales.com;http://www.crystaldecisions.com;815-756-6823;815-756-6831
45;Cycles_and_Sports;Zachary;Barbera;Mr;Owner;38199;2290_Cambie_Street;Suite_1025;Vancouver;BC;Canada;V6G_4V3;Barbera@bsj.com;http://www.crystaldecisions.com;604-685-0019;604-685-8514
46;Backpedal_Cycle_Shop;Joe;Lee;Mr;Owner;25162;743_Three_Rivers_Way;Suite_2214;Philadelphia;PA;USA;19178;Lee@praguesports.com;http://www.crystaldecisions.com;215-928-1876;215-928-1120
47;Karma_Bikes;Kim;Karl;Mr;Sales_Manager;9000;1516_Ohio_Avenue;Suite_2621;Blacklick;OH;USA;43092;Karl@csc.com;http://www.crystaldecisions.com;614-759-1164;614-759-0518
48;Mountain_Madmen_Bicycles;Andrew;Dong;Mr;Sales_Manager;28191;9001_Metro_Way;Suite_2010;Hightstown;NJ;USA;8513;Dong@rdsd.com;http://www.crystaldecisions.com;609-426-7758;609-426-3302
49;Rocky_Roadsters;Cindy;Forester;Ms;Sales_Associate;28682;1430_Hastings_Boulevard;Ingen;Conshohocken;PA;USA;19440;Forester@sel.com;http://www.crystaldecisions.com;610-941-1921;610-941-0696
50;Crazy_Wheels;Davy;Douglas;Mr;Sales_Associate;38281;8766_Glenaire_Way;Ingen;Port_Coquitlam;BC;Canada;V3C_2Y8;Douglas@cairobicycles.com;http://www.crystaldecisions.com;604-941-5469;604-941-1976
51;Biking´s_It_Industries;Katie;Cronin;Mrs;Sales_Representative;30349;4643_Camstock_Avenue;Ingen;Burnaby;BC;Canada;V5C_7Z1;Cronin@extercycle.com;http://www.crystaldecisions.com;604-298-4841;604-298-0157
52;Bikes,_Bikes,_and_More_Bikes;Janice;Pierson;Miss;Sales_Agent;25379;3952_Main_Street;Ingen;Des_Moines;IA;USA;50344;Pierson@lifecycle.com;http://www.crystaldecisions.com;515-237-8975;515-237-4093
53;Rough_Terrain;Matt;Trent;Mr;Sales_Associate;37489;1502_Nelson_Way;Suite_805;Madison;WI;USA;53730;Trent@westerly.com;http://www.crystaldecisions.com;608-273-6250;608-273-1699
54;Cyclopath;Scott;Mueller;Mr;Sales_Agent;38493;647_Panorama_Crescent;Suite_107;Kingston;RI;USA;2816;Mueller@donview.com;http://www.crystaldecisions.com;401-788-2360;401-788-8808
55;Tandem_Cycle;Gordon;Bell;Mr;Sales_Agent;29404;7040_Park_Place;Suite_1407;Nampa;ID;USA;83650;Bell@tomsbikes.com;http://www.crystaldecisions.com;208-893-0312;208-893-3282
56;On_The_Edge_Cyclery;Douglas;McDougall;Mr;Owner;9751;2145_Boardwalk;Suite_1214;Kingston;RI;USA;2896;McDougall@mks.com;http://www.crystaldecisions.com;401-788-7227;401-788-5215
57;Tek_Bikes;Elizabeth;Kawa;Miss;Sales_Agent;301568;8018_Meacon_Crescent;Suite_2607;Philadelphia;PA;USA;19144;Kawa@wheel.com;http://www.crystaldecisions.com;215-928-6658;215-928-4038
58;Making_Tracks;Rosie;Forbes;Mrs;Sales_Associate;32250;5511_Ocean_Road;Ingen;Concord;MA;USA;1767;Forbes@greatoutdoors.com;http://www.crystaldecisions.com;508-287-1664;508-287-2802
59;The_Biker´s_Path;Donna;Marshall;Miss;Sales_Agent;29037;3519_Beacon_Avenue;Suite_2909;DeKalb;IL;USA;60152;Marshall@bbs.com;http://www.crystaldecisions.com;815-756-4084;815-756-9795
60;Bikes_for_Tykes;Dave;Elkins;Mr;Sales_Manager;1800;7949_Elm_Boulevard;Suite_3012;Vancouver;BC;Canada;V6E_2S5;Elkins@picadillycycle.com;http://www.crystaldecisions.com;604-681-9443;604-681-5300
61;Benny_-_The_Spokes_Person;Caitlin;Jones;Miss;Sales_Agent;6092;1020_Oak_Way;Suite_1711;Huntsville;AL;USA;35861;Jones@lifecycle.com;http://www.crystaldecisions.com;205-430-3670;205-430-6031
62;Bike_Shop_from_Mars;John;MacCloud;Mr;Sales_Manager;25873;7071_Dundas_Crescent;Suite_1730;Newbury_Park;CA;USA;91338;MacCloud@hitdirt.com;http://www.crystaldecisions.com;805-375-0110;805-375-6707
63;Feel_Great_Bikes_Inc;Craig;Jacobson;Mr;Sales_Representative;40944;3015_Delta_Place;Suite_2601;Eden_Prairie;MN;USA;55367;Jacobson@sunrise.com;http://www.crystaldecisions.com;612-947-1362;612-947-3253
64;SAB_Mountain;Claus;Main;Mr;Owner;401000;Hauptstr._29;Ingen;Bern;Cantons;Switzerland;CH-3006;Main@sourceone.com;http://www.crystaldecisions.com;41_45-207-65-45;41_045-207-65-46
65;Platou_Sport;Jonas;Bergulfsen;Mr;Owner;201000;Erling_Skakkes_gate_78;Ingen;Stavanger;Rogaland;Norway;N-3290;Bergulfsen@helsinkibicycle.com;http://www.crystaldecisions.com;47-22-323-023;47-22-356-442
66;Piccolo;Georg;Pipps;Mr;Sales_Manager;201000;Geislweg_14;Ingen;Salzburg;Salzkammergut;Austria;A-5020;Pipps@lillevtt.com;http://www.crystaldecisions.com;43-662-972262;43-62-972345
67;Paris_Mountain_Sports;Marie;Bertrand;Mrs;Owner;300000;265,_boulevard_Charonne;Ingen;Paris;Ile_de_France;France;75012;Bertrand@toulousevelos.com;http://www.crystaldecisions.com;33-4-92-72-04-89;33-4-92-72-04-98
68;Magazzini;Giovanni;Rovelli;Mr;Sales_Manager;201000;Via_Ludovico_il_Moro_22;Suite_25;Bergamo;Lombardia;Italy;24100;Rovelli@sportscenterville.com;http://www.crystaldecisions.com;39-81-9444-0922;39-81-9444-0934
69;Furia;Lino;Rodriguez;Mr;Sales_Manager;201000;Jardim_das_rosas_n._32;Ingen;Lisbon;Lisbon;Portugal;1900;Rodriguez@lourdessport.com;http://www.crystaldecisions.com;351-1-35-42-534;351-1-35-42-566
70;Folk_och_fä_HB;Marie;Larsson;Mrs;Owner;201000;Åkergatan_24;Ingen;Bräcke;Jaemtland;Sweden;S-844_67;Larsson@parismountain.com;http://www.crystaldecisions.com;069-53-46721;069-53-46133
71;BBS_Pty;Victoria;Ashworth;Miss;Sales_Representative;500000;45_Fauntleroy_Circus;Ingen;London;Greater_London;England;EC2_5NT;Ashworth@gagnersports.com;http://www.crystaldecisions.com;44-171-551-1212;44-171-551-1321
72;Cycle_City_Rome;Paolo;Accorti;Mr;Sales_Representative;201000;Via_Monte_Bianco_34;Ingen;Torino;Piedmonte;Italy;10100;Accorti@francesports.com;http://www.crystaldecisions.com;39-2-4242-4995;39-2-4242-4999
73;Tienda_de_Bicicletas_El_Pardo;Alejandra;Camino;Ms;Sales_Manager;201000;Gran_Vía,_1;Ingen;Madrid;Madrid;Spain;28001;Camino@sportsbeaucharmp.com;http://www.crystaldecisions.com;34-91-7456200;34-91-7456210
74;Fahrkraft_Räder;Sven;Hoffman;Mr;Sales_Representative;500000;Heinrich-Held-Str._190;Ingen;Bonn;Nordrhein-Westfalen;Germany;D-53001;Hoffman@centresportif.com;http://www.crystaldecisions.com;49-0777-9042-53;49-0777-9042-10
75;Belgium_Bike_Co;Pierre;Renault;Mr;Sales_Representative;200000;Auguste_Demaeghtlaan_9823;Ingen;Brussels;Brussels;Belgium;47899;Renault@calaiscyclisme.com;http://www.crystaldecisions.com;32-3-390-893;32-3-390-801
76;Canal_City_Cycle;Sven;Vandervoort;Mr;Sales_Agent;100000;13300_Damrak_Street;Suite_2210;Amsterdam;Noord_Holland;Netherlands;NL-1076;Vandervoort@velosbasse.com;http://www.crystaldecisions.com;31-20-4043-4011;31-20-4043-4788
77;Warsaw_Sports,_Inc;Pavel;Ropoleski;Mr;Owner;100000;ul._Nowogrodzka_94/96;Ingen;Warsaw;Warsaw;Poland;02-537;Ropoleski@bicyclettedunord.com;http://www.crystaldecisions.com;48-12-2323-2995;48-12-2323-2934
78;Greenlane_Bicycles;Hank;Binford;Mr;Sales_Representative;90000;41_King_Street;Ingen;Dublin;Dublin;Ireland;;Binford@boedeauxsports.com;http://www.crystaldecisions.com;353-03-9443-4343;353-03-9443-4334
79;Helsinki_Bicycle;Klaus;Fostell;Mr;Owner;669;Kalevankatu_346;Ingen;Helsinki;Uusimaa;Finland;4344;Fostell@sudcycles.com;http://www.crystaldecisions.com;358-9-2433-0332;358-9-2433-0337
80;France_Sports;Claude;Houle;Mr;Sales_Representative;7544;95,_rue_de_la_Fontaine;Ingen;Cherbourg;Basse_Normandie;France;50100;Houle@velosbernard.com;http://www.crystaldecisions.com;33-2-10-39-34-89;33-2-10-39-34-33
81;Centre_Sportif_Cherbourg;Georges;Lasalle;Mr;Sales_Manager;16113;918,_rue_Belle-vue;Ingen;Le_Havre;Haute_Normandie;France;76610;Lasalle@bmx.com;http://www.crystaldecisions.com;33-2-32-49-58-05;33-2-32-49-58-33
82;Vélos_Basse_Normandie;Marc;Gaucher;Mr;Owner;1074;75,_rue_Haute;Ingen;Caen;Basse_Normandie;France;14000;Gaucher@sportsfrance.com;http://www.crystaldecisions.com;33-2-32-93-03-07;33-2-32-93-03-10
83;Calais_Cyclisme;Michelle;Laviolette;Mrs;Owner;1800;7,_rue_du_Cimetiere;Ingen;Calais;Nord_Pas-de-Calais;France;62100;Laviolette@sportsalsace.com;http://www.crystaldecisions.com;33-2-63-07-93-01;33-2-63-07-93-01
84;Lille_VTT;Suzanne;LeClair;Ms;Sales_Manager;3372;165,_rue_de_l´Eglise;Ingen;Lille;Nord_Pas-de-Calais;France;59000;LeClair@centresportif.com;http://www.crystaldecisions.com;33-2-59-50-30-21;33-2-59-50-30-22
85;Bicyclette_du_Nord;Elise;Marchand;Ms;Owner;8820;16,_rue_des_Chevaliers;Ingen;Arras;Nord_Pas-de-Calais;France;62000;Marchand@velosemile.com;http://www.crystaldecisions.com;33-2-11-98-87-34;33-2-11-98-87-39
86;Sports_4-Saisons;Manon;Pedneault;Ms;Owner;1191;402,_rue_Prince_Geroges;Bâtiment_B;Dunkerque;Nord_Pas-de-Calais;France;59140;Pedneault@laplace.com;http://www.crystaldecisions.com;33-2-33-09-02-76;33-2-33-09-02-72
87;La_Place;Jules;Davignion;Mr;Sales_Representative;1612;42,_rue_de_l´Eurpoe;Ingen;Rouen;Haute_Normandie;France;76100;Davignion@velosferrier.com;http://www.crystaldecisions.com;33-2-23-40-20-04;33-2-23-40-23-90
88;Vélos_Emile;Emile;Laroche;Mr;Sales_Manager;4367;56,_rue_des_Foyers;Ingen;Amiens;Picardie;France;80080;Laroche@auvergnebicross.com;http://www.crystaldecisions.com;33-2-25-30-39-30;33-2-25-30-32-00
89;Centre_Sportif_Delormier;Réal;Delormier;Mr;Owner;6714;40,_avenue_Bernard;Ingen;Metz;Lorraine;France;57050;Delormier@sportsfontainebleau.com;http://www.crystaldecisions.com;33-3-77-93-38-99;33-3-77-93-38-10
90;Sports_Alsace;Thomas;Monpetit;Mr;Sales_Manager;52788;11,_rue_Clemenceau;2ème_étage;Strasbourg;Alsace;France;67100;Monpetit@orleansvtt.com;http://www.crystaldecisions.com;33-3-29-92-29-29;33-3-29-92-29-31
91;Vélos_Ferrier;Veronique;Ferrier;Mrs;Owner;2230;187,_rue_de_l´Ecole;Ingen;Chartres;Centre;France;28000;Ferrier@dijonsudvelos.com;http://www.crystaldecisions.com;33-4-94-56-53-90;33-4-94-62-33-90
92;Sports_Fontainebleau;Anne;DuPont;Ms;Owner;3131;8,_rue_des_Romains;Ingen;Fontainebleau;Île-de-France;France;77300;DuPont@mulhousevelos.com;http://www.crystaldecisions.com;33-1-73-03-47-93;33-1-73-03-47-93
93;BMX_Orléans;Celeste;Oulette;Miss;Sales_Representative;5439;37,_rue_du_Bois;Ingen;Orléans;Centre;France;45100;Oulette@bicyclettebourgesnord.com;http://www.crystaldecisions.com;33-2-64-87-66-88;33-2-64-87-66-90
94;Orléans_VTT;Christophe;Jolicoeur;Mr;Sales_Manager;6656;53,_rue_St-Paul;Ingen;Troyes;Champagne-Ardenne;France;10000;Jolicoeur@vtt.com;http://www.crystaldecisions.com;33-1-34-44-76-01;33-1-34-44-76-05
95;Dijon_Sud_Vélos;Suzette;Ganger;Ms;Sales_Manager;1149;82,_chemin_des_Champs;Ingen;Dijon;Bourgogne;France;21000;Ganger@arsenault.com;http://www.crystaldecisions.com;33-3-55-04-05-09;33-3-55-04-05-33
96;Mulhouse_Vélos;Vincent;de_la_Montagne;Mr;Owner;5360;4_avenue_de_la_Liberation;Ingen;Mulhouse;Alsace;France;68100;de_la_Montagne@centrepoirot.com;http://www.crystaldecisions.com;33-4-32-00-98-87;33-4-32-00-98-88
97;Bicyclette_Bourges_Nord;Rejean;Lallier;Mr;Owner;2099;79,_avenue_de_la_Gare;Ingen;Bourges;Centre;France;18000;Lallier@sports4saisons.com;http://www.crystaldecisions.com;33-4-10-92-09-09;33-4-10-92-09-33
98;VTT_La_Rochelle;Jean;Larouche;Mr;Sales_Manager;1080;41,_rue_de_Lormier;Ingen;La_Rochelle;Poitou_Charentes;France;17000;Larouche@berlinbiking.com;http://www.crystaldecisions.com;33-3-54-92-84-98;33-3-54-92-84-34
99;Bordeaux_Sports;Gerard;LePage;Mr;Sales_Representative;534;120,_avenue_des_Pins;Ingen;Bordeaux;Aquitaine;France;33100;LePage@bergtrails.com;http://www.crystaldecisions.com;33-5-34-42-94-09;33-5-34-42-94-22
100;Arsenault_et_Maurier;Gaston;Arsenault;Mr;Sales_Representative;12536;40,_rue_St-Charles;Ingen;Clermont-Ferrand;Auvergne;France;63000;Arsenault@fahrkraftrader.com;http://www.crystaldecisions.com;33-4-22-90-45-90;33-4-22-90-45-33
101;Auvergne_Bicross;Yolande;Lafleur;Ms;Sales_Manager;5180;43,_rue_des_Arbres;Ingen;Vichy;Auvergne;France;3200;Lafleur@hamburgrader.com;http://www.crystaldecisions.com;33-1-22-03-50-90;33-1-22-03-53-85
102;Centre_Poirot;Julie-Anne;Poirot;Mrs;Owner;3654;10,_rue_Principale;9ème_étage;Lyon;Rhône-Alpes;France;69009;Poirot@dortmondrad.com;http://www.crystaldecisions.com;33-4-11-19-10-49;33-4-11-19-10-57
103;Sports_France;Gétan;Faucher;Mr;Owner;6589;40,_rue_de_la_Chapelle;Ingen;Grenoble;Rhône-Alpes;France;38000;Faucher@offroadbike.com;http://www.crystaldecisions.com;33-4-22-40-09-02;33-4-22-40-09-33
104;Sud_Cycles;Annette;Denault;Ms;Owner;68001;34,_rue._du_Moulin;Ingen;St._Etienne;Rhône-Alpes;France;42007;Denault@leipzigfreiheit.com;http://www.crystaldecisions.com;33-1-53-03-05-08;33-1-53-03-05-24
105;Toulouse_Vélos;Jean-Paul;Voltaire;Mr;Sales_Manager;46480;63,_rue_de_Soleuvre;Ingen;Toulouse;Midi-Pyrénées;France;31100;Voltaire@superbike.com;http://www.crystaldecisions.com;33-5-21-07-45-97;33-5-21-07-45-98
106;Sports_Centre-ville;Louise;Lacasse;Ms;Sales_Representative;65005;11,_boulevard_Henri;Ingen;Montpellier;Languedoc-Roussillon;France;34000;Lacasse@athensbicycle.com;http://www.crystaldecisions.com;33-4-23-44-09-98;33-4-23-44-09-31
107;Lourdes_Sports;Henri;De_Montigny;Mr;Sales_Manager;53370;54,_avenue_Pierre;Ingen;Lourdes;Aquitaine;France;65100;De_Montigny@eastbudapestsports.com;http://www.crystaldecisions.com;33-5-92-28-02-33;33-5-92-28-02-38
108;Gagner_Sports;Claude;Antoine;Mr;Sales_Representative;5155;71,_rue_du_Chateau;Ingen;Marseille;Provence-Alpes-Côte_d’Azur;France;13010;Antoine@indiacycle.com;http://www.crystaldecisions.com;33-4-92-03-77-03;33-4-92-03-77-44
109;Vélos_Bernard;Marie;Cloutier;Ms;Owner;8934;145,_rue_Francois;Ingen;Toulon;Provence-Alpes-Côte_d’Azur;France;83000;Cloutier@jakartasunrise.com;http://www.crystaldecisions.com;33-4-55-56-58-00;33-4-55-56-59-90
110;Sports_Beauchamp;Daniel;Beauchamp;Mr;Sales_Manager;9557;81,_rue_des_Roses;Ingen;Cannes;Provence-Alpes-Côte_d’Azur;France;6400;Beauchamp@hillcrestcycle.com;http://www.crystaldecisions.com;33-4-22-58-68-40;33-4-22-58-68-41
111;Bikefest;Stan;Delaware;Mr;Sales_Agent;5880;4301_President_Way;4th_Floor;Little_Rock;AR;USA;72206;Delaware@greenlane.com;http://www.crystaldecisions.com;520-990-8264;520-990-8260
112;Biking_and_Hiking;Ukariah;Jonstone;Mr;Owner;66;76_Palm_Drive;Ingen;Phoenix;AZ;USA;85018;Jonstone@dublincycle.com;http://www.crystaldecisions.com;520-710-1010;520-605-8914
113;Bicycle_Races;Seth;Smithers;Mr;Owner;660;3100_West_Cactus_Drive;14th_Floor;Tempe;AZ;USA;85234;Smithers@teavivoutdoors.com;http://www.crystaldecisions.com;602-494-2992;602-494-3992
114;Fred´s_Bikes;Fred;Danforth;Mr;Owner;7874;4104_Summit_Boulevard;Ingen;Denver;CO;USA;80237;Danforth@magazzini.com;http://www.crystaldecisions.com;303-556-2030;303-556-3030
115;Phil´s_Bikes;Phil;Franklyn;Mr;Owner;27;31_Government_Street;Ingen;Concord;CT;USA;5667;Franklyn@bresciamountainers.com;http://www.crystaldecisions.com;860-479-0191;860-450-1030
116;Colin´s_Bikes;Colin;White;Mr;Sales_Agent;41;30988_Federal_Way;Ingen;Washington;DC;USA;20011;White@milanobike.com;http://www.crystaldecisions.com;202-975-1567;202-979-1200
117;Barry´s_Bikes;Barry;Wilcox;Mr;Owner;34;2099_East_57th_Avenue;Ingen;Dover;DE;USA;19850;Wilcox@cyclerome.com;http://www.crystaldecisions.com;302-310-1010;302-310-1016
118;Tony´s_Better_Bikes;Anthony;Weatherhead;Mr;Owner;2735;320_Oliver_Avenue_East;Ingen;Atlanta;GA;USA;30337;Weatherhead@islandbike.com;http://www.crystaldecisions.com;678-381-9020;678-382-0404
119;Ride_Down_A_Mountain;Janet;Xavier;Ms;Sales_Agent;1570;5400_Cliff_Avenue;Ingen;Kansas_City;KS;USA;64152;Xavier@yokohamabiking.com;http://www.crystaldecisions.com;913-943-3044;913-944-8922
120;Bikes_R_Us;Wil;Do;Mr;Sales_Agent;8159;201_Lloyd_Drive;Ingen;Lexington;KY;USA;40503;Do@.com@nogoya.com;http://www.crystaldecisions.com;606-771-9020;606-772-9020
121;Caledonia_Cycle;Martin;Caledonia;Mr;Owner;27;4302_233rd_Street_West;Ingen;New_Orleans;LA;USA;70121;Caledonia@totoryken.com;http://www.crystaldecisions.com;318-669-2323;318-668-2323
122;First_Gear;Xena;Renfrew;Miss;Owner;2827;329_Fernando_Court;Ingen;Baltimore;MD;USA;21228;Renfrew@nishmotosports.com;http://www.crystaldecisions.com;301-233-9010;301-233-7402
123;One_Track_Mind;Gordy;Camel;Mr;Sales_Agent;47;776_Castle_Road;Suite_100;Bangor;ME;USA;4401;Camel@bendaimountain.com;http://www.crystaldecisions.com;207-881-7293;207-881-2990
124;Biking_Heaven;Jules;Renquist;Ms;Sales_Agent;11553;870_Oriole_Drive_East;Ingen;St._Louis;MO;USA;63119;Renquist@nairobisports.com;http://www.crystaldecisions.com;314-201-2044;314-201-2045
125;Family_Biking_Center;Vlad;Spiers;Mr;Sales_Associate;355;5446_California_Avenue_West;Ingen;Jackson;MS;USA;39213;Spiers@eurocycle.com;http://www.crystaldecisions.com;601-344-0292;601-345-0292
126;World_Of_Tires;Danielle;Rubens;Miss;Owner;414;170_Mountainview_Street;Suite_25;Helena;MT;USA;59601;Rubens@klcc.com;http://www.crystaldecisions.com;406-887-2040;406-887-2050
127;Oympic_Bikes;Aaron;Zalapski;Mr;Sales_Manager;1036;4311_Elm_Drive;Ingen;Raleigh;NC;USA;27701;Zalapski@bialex.com;http://www.crystaldecisions.com;919-301-5019;919-301-5020
128;Bikes,_Trikes_and_Rollerblades;Glenda;Donnatelli;Ms;Owner;47;12_Gordon_Drive;Suite_330;Fargo;ND;USA;58103;Donnatelli@geu.com;http://www.crystaldecisions.com;701-798-9122;701-799-9125
129;Tears_For_Gears;Samuel;Quaid;Mr;Owner;47;1508_Renton_Street;Ingen;Lincoln;NE;USA;68521;Quaid@dmcity.com;http://www.crystaldecisions.com;402-697-7203;402-698-7203
130;Bombay_Bicycle_Club;Scott;Boswell;Mr;Sales_Associate;14039;421_West_Orca_Street;Ingen;Portsmouth;NH;USA;3103;Boswell@tla.com;http://www.crystaldecisions.com;603-957-4932;603-957-4940
131;Biking_Bums;Bobby;Bigglesworth;Mr;Sales_Representative;2782;32011_Los_Osos_Boulevard;Suite_790;Taos;NM;USA;87505;Bigglesworth@bdmc.com;http://www.crystaldecisions.com;505-554-5454;505-554-5809
132;7_Bikes_For_7_Brothers;Brent;Cogswell;Mr;Sales_Manager;8820;52779_Xavier_Boulevard;Ingen;Las_Vegas;NV;USA;89102;Cogswell@tlmonterrey.com;http://www.crystaldecisions.com;702-970-6155;702-970-5517
133;Against_The_Wind_Bikes;Zak;Davis;Mr;Sales_Manager;2409;5302_Freedom_Way;Ingen;Rome;NY;USA;14817;Davis@ucycle.com;http://www.crystaldecisions.com;607-901-2175;607-901-2177
134;Hangin´_Two;Jack;Trueman;Mr;Owner;73;89_Westerly_Street;Ingen;Tulsa;OK;USA;74103;Trueman@ksports.com;http://www.crystaldecisions.com;580-560-0293;580-560-2932
135;Going_in_Circles;Kent;Estes;Mr;Sales_Manager;7646;42011_Sullivan_Road;Ingen;Columbia;SC;USA;29201;Estes@cccycle.com;http://www.crystaldecisions.com;843-721-9013;843-727-9203
136;Off_Road_Bikes;Swoozie;Fantermyer;Ms;Owner;141;225_West_Luxman_Road;Suite_120;Pierre;SD;USA;52115;Fantermyer@mountainview.com;http://www.crystaldecisions.com;605-201-6322;605-201-9901
137;Cyclists_for_Life;Brenda;Trent;Ms;Owner;10605;666_Frederick_Court;Ingen;Memphis;TN;USA;38103;Trent@sportsfever.com;http://www.crystaldecisions.com;910-244-5670;910-246-2042
138;Discount_Bikes;Andrea;Dixon;Ms;Sales_Manager;1103;3100_Tower_Street;Ingen;Salt_Lake_City;UT;USA;84144;Dixon@beachtrails.com;http://www.crystaldecisions.com;801-446-9300;801-446-9301
139;Canadian_Bikes,_Eh;Bob;Tuque;Mr;Owner;68;56_Emarcadero_Avenue;Suite_10;Richmond;VA;USA;23220;Tuque@billsbikes.com;http://www.crystaldecisions.com;804-810-0002;804-810-0002
140;Bob´s_Bikes;Bob;Zarcalister;Mr;Owner;68;5011_Capital_Avenue;Ingen;Montpelier;VT;USA;5401;Zarcalister@forestedhills.com;http://www.crystaldecisions.com;802-338-6768;802-338-6769
141;Mike´s_Bikes;Michael;Cartman;Mr;Sales_Representative;102;3100_Aurora_Avenue_North;Suite_1000;Seattle;WA;USA;98110;Cartman@.com;http://www.crystaldecisions.com;206-694-9012;206-693-2323
142;Two_Wheelin´;Jann;Dolap;Ms;Owner;556;5007_White_Street;Ingen;Charleston;WV;USA;25309;Dolap@deportedperez.com;http://www.crystaldecisions.com;304-929-2882;304-929-2888
143;Down_Under_Bikes;Dave;Flynn;Mr;Sales_Representative;1621;8004_Alton_Drive;Suite_230;Sydney;New_South_Wales;Australia;2061;Flynn@towc.com;http://www.crystaldecisions.com;61-04-23556663;61-04-23556422
144;Canberra_Bikes;Craig;Stobbs;Mr;Owner;10663;7567_Caravan_Street;Ingen;Canberra;New_South_Wales;Australia;5353;Stobbs@platousport.com;http://www.crystaldecisions.com;61-03-99231124;61-03-99231129
145;Kangeroo_Trikes;Sandra;Anderson;Mrs;Sales_Representative;9595;78_East_Phillips_Street;Suite_300;Melbourne;Victoria;Australia;2155;Anderson@lbike.com;http://www.crystaldecisions.com;61-05-36629921;61-05-36623420
146;Bruce´s_Bikes;Bruce;Hyde;Mr;Owner;1138;7910_35th_Avenue;Ingen;Churchill;Victoria;Australia;4774;Hyde@.erpanamacom;http://www.crystaldecisions.com;61-02-99311424;61-02-99313434
147;Peddles_of_Perth;Vanessa;Jacobsen;Ms;Sales_Manager;8945;3200_Wilcrest_Road;Suite_300;Perth;Western_Australia;Australia;3326;Jacobsen@lndeportes.com;http://www.crystaldecisions.com;61-04-30339148;61-04-30333433
148;Koala_Road_Bikes;Nathan;Wu;Mr;Sales_Manager;6745;3001_Grantsview_Street;Suite_12;Brisbane;Queensland;Australia;4600;Wu@manilabicycles.com;http://www.crystaldecisions.com;61-01-52311344;61-01-52314633
149;Tasmanian_Devil_Bikes;Todd;Llyod;Mr;Sales_Representative;1740;12_Eastdune_Lane;Ingen;Hobart;Tasmania;Australia;912;Llyod@warsawsports.com;http://www.crystaldecisions.com;61-01-32335455;61-01-32335433
150;Bicicletas_San_Santiago;Ricardo;Fernandes;Mr;Sales_Associate;10662;32111_Perez_Road;Ingen;Santiago;Providencia;Chile;34211;Fernandes@souzelbike.com;http://www.crystaldecisions.com;56-2-2942-9021;56-2-2942-9009
151;Paradise_Sports;Johnny;Horton;Mr;Owner;1530;444_Victoria_Avenue;Ingen;Road_Town;Tortola;British_Virgin_Islands;F3R_6T9;Horton@evorafamily.com;http://www.crystaldecisions.com;284-987-4738;284-987-4740
152;Brasilia_Bikes_Inc;Felipe;Silva;Mr;Owner;14302;Rua_Fernando,_991;Suite_223;Brasilia;Distrito_Federal;Brazil;23293-300;Silva@lisboncycle.com;http://www.crystaldecisions.com;55-85-3211-7382;55-85-3211-7342
153;Bicicletas_de_Montaña_La_Paz;Juan;Gomez;Mr;Owner;6269;Torrevieja_1030;Ingen;La_Paz;La_Paz;Bolivia;4542;Gomez@furia.com;http://www.crystaldecisions.com;55-092-89211;55-092-89201
154;Royal_Cycle;Henryk;Featherstone;Mr;Owner;3494;5402_Green_Bay_Road;Suite_500;Hamilton;Pembroke_Parish;Bermuda;46557;Featherstone@budapestsports.com;http://www.crystaldecisions.com;809-295-9023;809-295-6944
155;Dhaka_Bike_Store;Junaid;Panikkar;Mr;Owner;4684;670/C_Tejgaon_I/A4350;Ingen;Dhaka;Dhaka;Bangladesh;346457;Panikkar@moscowbike.com;http://www.crystaldecisions.com;880-91-478-343;880-91-478-928
156;Beach_Cycle_and_Sport;Warren;Donovan;Mr;Owner;14463;779_Beach_Drive;Ingen;Nassau;New_Providence;Bahamas;5466;Donovan@foreveryoung.com;http://www.crystaldecisions.com;242-0-343-3043;242-0-343-3034
157;Aruba_Sport;Jerry;Cashwell;Mr;Owner;3240;Av._Cobre_1212;Ingen;Oranjestad;St._George;Aruba;655456;Cashwell.@saveoncycles.com;http://www.crystaldecisions.com;58-09-8382-9292;58-09-8382-9299
158;Bicicletas_Buenos_Aires;Carlos;Martinez;Mr;Owner;55664;Sitio_del_Niño_8992;Ingen;Buenos_Aires;Mendoza;Argentina;6755_56;Martinez@platinumsports.com;http://www.crystaldecisions.com;54-1-939-202022;54-1-939-202029
159;Barbados_Sports,_Ltd;Luke;Jones;Mr;Sales_Manager;4444;450_Wilmont_Street;Ingen;Bridgetown;Bridgetown;Barbados;4532;Jones@fastmover.com;http://www.crystaldecisions.com;246-877-2628;246-876-0284
160;Pedales_de_Bogota;Fernando;Valdez;Mr;Sales_Manager;32748;Vía_Morelos_10001;Ingen;Bogota;Cundinamarca;Colombia;43533;Valdez@unitedbikes.com;http://www.crystaldecisions.com;57-32-2029-2949;57-32-2029-2923
161;Galaxy_Outdoors;Jimmy;Ng;Mr;Owner;10426;127-190_Nathan_Road;Mon_Kwok;Hong_Kong;Hong_Kong;China;664463;Ng@jrbiking.com;http://www.crystaldecisions.com;852-6274-9201;852-6274-9297
162;East_Budapest_Sports;Marianna;Chose;Mr;Sales_Representative;59256;3424_Budapest,_Bartók_Béla_út_231;Ingen;Budapest;Budapest;Hungary;1062;Chose@sanstone.com;http://www.crystaldecisions.com;32-20-9402-4994;32-20-9402-4995
163;India_Cycle_and_Co;Paja;Al_Majid;Mr;Owner;49775;H.O.-_2370_Janpath;Ingen;New_Delhi;New_Delhi;India;3257;Al_Majid@heuristic.com;http://www.crystaldecisions.com;91-22-4002-0322;91-22-4002-0333
164;Jakarta_Sunrise_Sports;Wu;Padang;Mr;Owner;6333;Jl_Aipda_KS_Tubun_56_F;Ingen;Jakarta;Jawa_Bara_West_Java;Indonesia;4532;Padang@ministrysports.com;http://www.crystaldecisions.com;62-21-093-0223;62-21-093-0229
165;Hillcrest_Cycle;Lenny;Kenwood;Mr;Owner;87906;22_Green_Avenue;Ingen;Dublin;Dublin;Ireland;;Kenwood@equatorcycle.com;http://www.crystaldecisions.com;353-01-3932-0422;353-01-3932-0443
166;Island_Bikes;Jerry;Andover;Mr;Owner;38244;3411_Bexhill_Road;Ingen;Kingston;Kingston;Jamaica;23001;Andover@tomsplace.com;http://www.crystaldecisions.com;876-733-0062;876-733-9221
167;Nishimoto_Sports;Hiro;Nishimoto;Mr;Owner;40965;Bridgeway_Bldg,_2F;Hirakawa-cho;Tokyo;Tokyo_To;Japan;129-2323;Nishimoto@hikersbikers.com;http://www.crystaldecisions.com;81-3-5212-2321;81-3-5212-0327
168;Nairobi_Sports_Center;Ren;Janmohammed;Ms;Owner;6924;3451_Parliament_Road;Ingen;Nairobi;Nairobi;Kenya;646411;Janmohammed@coastalline.com;http://www.crystaldecisions.com;254-2-202-4921;254-2-202-4934
169;Cairo_Bicycles,_Inc;Elan;Abbibi;Mr;Owner;10362;PO_Box:_33417;Ingen;Cairo;Cairo;Egypt;786333;Abbibi@tienda.com;http://www.crystaldecisions.com;20-023-023114;20-023-023143
170;Ruedas_de_Santo_Domingo;Antonio;Santos;Mr;Owner;63365;Seminario_5531_Carretas;Ingen;Santo_Domingo;Santo_Domingo;Dominican_Republic;685533;Santos@folkochfa.com;http://www.crystaldecisions.com;809-203-203;809-233-232
171;Bicicletas_San_Jose;Julio;Morenzo;Mr;Owner;56344;Agustín_de_Iturbide_772;Ingen;San_José;San_José;Costa_Rica;45678;Morenzo@sab.com;http://www.crystaldecisions.com;506-239-0932;506-239-0939
172;Prague_Sports;Eric;Kenelek;Mr;Sales_Manager;10552;PO_Box_2321;Ingen;Prague;Prague;Czech_Republic;9864;Kenelek@taipeisports.com;http://www.crystaldecisions.com;420-002-2042;420-002-2044
173;Copenhagen_Sports_and_Cycle;Sven;Van_Bauer;Mr;Sales_Representative;97460;Gammel_Mont_4341;Ingen;Copenhagen;Jutland;Denmark;1050;Van_Bauer@bangkiksports.com;http://www.crystaldecisions.com;45-3530-3055;45-3530-3034
174;Superbicicletas_Ecuador_Ltd;Ricardo;Martinez;Mr;Owner;2554;Ejército_Nacional_No._1450;Ingen;Quito;Pichincha;Ecuador;755457;Martinez@ankarabicycle.com;http://www.crystaldecisions.com;593-3-303-200;593-3-303-211
175;Athens_Bicycle_Co;Andres;Arnadis;Mr;Sales_Representative;11101;PO_Box_211966;Ingen;Athens;Evia_Evvoia;Greece;1124;Arnadis@kiev-north.com;http://www.crystaldecisions.com;30-1-7754-4040;30-1-7754-4041
176;Tel_Aviv_Outdoors;David;Azur;Mr;Owner;43064;3435_Tel_Giborim;Ingen;Tel_Aviv;Tel_Aviv;Israel;6799;Azur@uaecycle.com;http://www.crystaldecisions.com;972-3-403-30411;972-3-403-30234
177;En_ruedas_Panama;Fernando;Perez;Mr;Sales_Agent;2935;Cl_20_San_Francisco_91;Ingen;Panama;Panama;Panama;346668;Perez@karmabikes.com;http://www.crystaldecisions.com;507-023-0031;507-023-0023
178;Islamabad_Bike_Stores;Sanji;Jamal;Ms;Sales_Manager;5487;423,_Shah_Jamal_Road;Ingen;Islamabad;Islamabad;Pakistan;4346;Jamal@backpedalcycle.com;http://www.crystaldecisions.com;92-21-2000-0294;92-21-2000-0234
179;Manila_Bicycle_Store;Maria;Hernandez;Ms;Owner;11301;43121_Quezon_Avenue;Ingen;Manila;Manila_Metropolitan_Area;Philippines;34008;Hernandez@tyredout.com;http://www.crystaldecisions.com;63-455-303-0221;63-455-303-0223
180;Deportes_Perez;Paolo;Perez;Mr;Owner;7646;Avda._Amador_Guerrero,_3220;Ingen;Managua;Managua;Nicaragua;4524576;Perez@hasbeenbikes.com;http://www.crystaldecisions.com;505-311-403-0082;505-311-403-0098
181;Sports_Fever;Duke;Manson;Mr;Sales_Manager;43322;1102_Greystone_Drive;Ingen;Wellington;Wellington;New_Zealand;;Manson@cycliststrail.com;http://www.crystaldecisions.com;64-7-3903-4003;64-7-3903-4004
182;Kathmandu_Sports;Ngan;Xu;Mr;Owner;7613;4325_Tielu_Street;Ingen;Kathmandu;Kathmandu;Nepal;7493;Xu@dealsonwheels.com;http://www.crystaldecisions.com;977-099-20332;977-099-23444
183;Lima_Norte_Deportes;Ricardo;Montabella;Mr;Owner;26935;Av_El_Dorado,_4211;Ingen;Lima;Lima;Peru;5665;Montabella@ourwheels.com;http://www.crystaldecisions.com;51-1-2042-2043;51-1-2042-2049
184;Eurocycle;Pierre;Van_Kroger;Mr;Sales_Agent;6835;39,_rue_du_Baerendal;Ingen;Luxembourg;Luxembourg;Luxembourg;L-3360;Van_Kroger@radbikes.com;http://www.crystaldecisions.com;352-45-204-203;352-45-204-210
185;Kuala_Lumpur_Central_Cycle;Rennie;Chung;Mr;Owner;3985;No._4902_Lengkok_Paya_Terubong,;11060_Air_Itam;Kuala_Lumpur;Kuala_Lumpur;Malaysia;478886;Chung@insanecycle.com;http://www.crystaldecisions.com;60-3-0303-0990;60-3-0303-0922
186;Ulaanbaatar_Cycle;Po-Yan;Ying;Mr;Owner;5224;8-9/F_Fu_Da_Bidg._2342;Ingen;Ulaanbaatar;Ulaanbaatar;Mongolia;;mgr@wheels.com;http://www.crystaldecisions.com;976-1-392-2492;976-1-392-2423
187;Deportes_Mexico_City;Julio;Estes;Mr;Sales_Manager;1445;Vía_Morelos_3343;Ingen;Ciudad_de_Mexico;Distrito_Federal;Mexico;24421;Estes@spokesnwheels.com;http://www.crystaldecisions.com;52-3-230-9993;52-3-230-9343
188;Forever_Young_Sports;Cam;Jackson;Mr;Owner;23180;5011_Sunset_Avenue_West;Suite_132;Castries;Castries;Saint_Lucia;3342;Jackson@posercycles.com;http://www.crystaldecisions.com;758-422-092;758-422-099
189;Equator_Cycle;Chuck;Van_Morrison;Mr;Owner;56501;53990_Sable_Court;Ingen;Pretoria;Gauteng_(PWV);South_Africa;2341;Van_Morrison@bikecellar.com;http://www.crystaldecisions.com;27-11-234-0400;27-11-234-0440
190;Ankara_Bicycle_Company;Fatih;Cekirge;Mr;Sales_Manager;43001;PO_Box_2121;Ingen;Ankara;Ankara;Turkey;443665;Cekirge@alleycat.com;http://www.crystaldecisions.com;90-212-2399-3403;90-212-2399-0093
191;Moscow_Bike_Company;Alex;Federov;Mr;Sales_Agent;43787;Perovskaya_ul.,_3452;Ingen;Moscow;Moscow;Russia;7655433;Federov@cgate.com;http://www.crystaldecisions.com;7-095-2349-2042;7-095-2349-2991
192;Sanstone_Cycle;Young;Lee;Mr;Sales_Manager;3300;24_Evergreen_Square;Suite_B;Singapore;Singapore;Singapore;311435;Lee@hookedhelmet.com;http://www.crystaldecisions.com;65-321-0072;65-321-4545
193;Budapest_Sports;Dario;Ionascu;Mr;Owner;23247;Blvd._N._Balcescu_2322;Ingen;Bucharest;Bucharesti;Romania;4532211;Ionascu@clearairtrans.com;http://www.crystaldecisions.com;40-1-2332-8585;40-1-2332-8580
194;Save-on-Cycles;Julianne;Derby;Ms;Owner;70000;245_Mill_Avenue;Ingen;Riyadh;Eastern_Province;Saudi_Arabia;3634422;Derby@whistlertrntals.com;http://www.crystaldecisions.com;966-1-3404-3941;966-1-3404-3979
195;Bangkok_Sports;Lee;Chang;Mr;Owner;70001;133/7_Yaowarat_Road;Ingen;Bangkok;Bangkok;Thailand;6865;Chang@trailblazers.com;http://www.crystaldecisions.com;66-2-9400-2022;66-2-9400-2322
196;Hanoi_Bike_Company;Twan;Ha;Mr;Owner;15492;Ho_Chi_Minh_3411;Ingen;Hanoi;Hanoi;Vietnam;43HJG;Ha@bikesntrikes.com;http://www.crystaldecisions.com;84-4-992-20202;84-4-992-20234
197;Tienda_de_Repuestos_Caracas;Maria;Santos;Mrs;Owner;36000;Av_San_Jorge_2011;Ingen;Caracas;Distrito_Federal;Venezuela;32111;Santos@rockshocks.com;http://www.crystaldecisions.com;58-2-3434-7728;58-2-3434-7771
198;UAE_Cycle;Vivek;Parmar;Mr;Sales_Representative;95901;Post_Box:_278;Ingen;Abu_Dhabi;Abu_Dhabi;United_Arab_Emirates;3453;Parmar@mountainmadmen.com;http://www.crystaldecisions.com;971-4-9673-9987;971-4-9673-9997
199;Harare_Cycle;Dwight;Mallel;Mr;Owner;22600;4290_Shell_Aveneue;Ingen;Harare;Distrito_Federal;Zimbabwe;403943;Mallel@offroadbike.com;http://www.crystaldecisions.com;263-4-943-9034;263-4-943-9035
201;Kiev-North_Sports;Leon;Demidov;Mr;Sales_Representative;84501;Krzhizhanovskogo_ul.,_5663;Ingen;Kiev;Kiev;Ukraine;6865986;Demidov@psychocycle.com;http://www.crystaldecisions.com;380-44-923-2302;380-44-923-2345
202;Sunrise_Cycle;Josephine;McGillan;Mrs;Sales_Representative;1690;40_Chartwell_Drive;Ingen;Ashford;Kent;England;BH7_7EL;McGillan@bikeaholics.com;http://www.crystaldecisions.com;44-135-342-2932;44-135-342-2922
203;Source_One_Cycle;Tina;Waldorf;Ms;Sales_Agent;1120;19_Old_Christchurch_Road;Ingen;Bournemouth;Dorset;England;BH1_2EW;Waldorf@pathfinders.com;http://www.crystaldecisions.com;44-334-449-0291;44-334-449-2893
204;Wheel_to_Wheel;Brent;Butterfield;Mr;Sales_Representative;5913;199_Bisley_Street;Ingen;Southampton;Hampshire;England;SO15_1AG;Butterfield@rowdyrims.com;http://www.crystaldecisions.com;44-171-377-9766;44-171-377-9321
205;McDonald_Klein_Sports;Trent;McDonald;Mr;Owner;3618;40_Epping_road;Suite_245;Bristol;Avon;England;BS1_3AD;McDonald@greatbike.com;http://www.crystaldecisions.com;44-341-211-0431;44-341-211-0233
206;Tom´s_Bikes;Thomas;Dadwood;Mr;Sales_Representative;36330;14_Kipling_Avenue;Ingen;Nottingham;Nottinghamshire;England;NG1_5RH;Dadwood@madmountain.com;http://www.crystaldecisions.com;44-377-573-0294;44-377-920-1331
207;Hit_the_Dirt;Samantha;Raintree;Ms;Owner;4637;91_Bruton_Road;Ingen;Cambridge;Cambridgeshire;England;CB2_3DT;Raintree@offthemountain.com;http://www.crystaldecisions.com;44-334-530-0193;44-334-530-0930
208;LifeCycle;Derek;Young;Mr;Owner;6644;59_Beacon_Hill_Road;Ingen;Leeds;West_Yorkshire;England;LS1_6ET;Young@fulcrum.com;http://www.crystaldecisions.com;44-131-321-8432;44-131-321-8445
209;Westerly_Sports;Shelly;Cornwall;Miss;Owner;47;3_Old_Duke_Circus;Floor_11;Birmingham;West_Midlands;England;B2_4JQ;Cornwall@spokes.com;http://www.crystaldecisions.com;44-171-341-0763;44-171-645-0765
210;Donview_Bike_Co;Russ;Clemmens;Mr;Sales_Agent;35;41_South_Gate;St_Matthews_House;Sunderland;Co_Durham;England;SR6_8DB;Clemmens@tothelimit.com;http://www.crystaldecisions.com;44-171-449-9201;44-171-449-9204
211;Platinum_Sports;Timothy;Gilligan;Mr;Sales_Agent;10800;31_West_Colton_Drive;Ingen;Edinburgh;Lothian;Scotland;EH2_2PB;Gilligan@spokesfolks.com;http://www.crystaldecisions.com;44-131-330-6981;44-131-330-5100
212;Dublin_Cycle_Centre;Shane;O´Tool;Mr;Owner;2727;6_South_Moor_Lane;Ingen;Dublin;Dublin;Ireland;;O´Tool@herculesmountain.com;http://www.crystaldecisions.com;353-1-7973-9201;353-1-7973-9237
213;Top_´o´_the_World_Cycle;Mike;O´Sullivan;Mr;Owner;8968;156_Slaight_Road;Suite_102;Belfast;County_Antrim;Northern_Ireland;BT2_7AP;O´Sullivan@pedals.com;http://www.crystaldecisions.com;44-1232-462002;44-1232-422942
214;Bicycle_Basics;Drew;Broadwin;Mr;Sales_Manager;72000;59_Old_Stone_Road;Ingen;Cardiff;South_Glamorgan;Wales;CF1_2EQ;Broadwin@roadrunners.com;http://www.crystaldecisions.com;44-1452-029-0292;44-1452-029-0442
215;Great_Outdoors;Jackie;Ball;Ms;Owner;3025;17_West_Port_Circle;Ingen;Manchester;Greater_Manchester;England;M60_2DS;Ball@blazingsaddles.com;http://www.crystaldecisions.com;44-131-319-3600;44-131-319-3643
216;Exeter_Cycle_Source;Sid;Moore;Mr;Owner;1030;55_Cornwall_Drive;Ingen;Exeter;Devon;England;EX4_3SP;Moore@extremecycling.com;http://www.crystaldecisions.com;44-181-866-0293;44-181-866-2032
217;Picadilly_Cycle;Julian;Windsor;Mr;Owner;5321;29_West_Chesterfield_Avenue;Ingen;London;Greater_London;England;SW19_4UE;Windsor@corporatecycle.com;http://www.crystaldecisions.com;44-171-531-0221;44-171-531-0223
218;Life_Cycle_Centre;Rod;Filmore;Mr;Owner;8820;1_Featherstone_Way;Sunflower_House;Maidenhead;Berkshire;England;SL6_2PZ;Filmore@crankcompenents.com;http://www.crystaldecisions.com;44-181-221-0328;44-181-223-9320
219;Cycle_Fever;Jake;Cosgrove;Mr;Sales_Representative;6629;2002_Bloor_Street_West;Suite_102;Toronto;ON;Canada;M6S_4X9;Cosgrove@unicycle.com;http://www.crystaldecisions.com;416-766-5007;416-761-5007
220;Wheels_´n´_Deals;Sylvia;Canton;Ms;Sales_Manager;2851;168_Creswell_Drive;Ingen;Beaconsfield;PQ;Canada;H9W_1E7;Canton@wheelsnstuff.com;http://www.crystaldecisions.com;514-697-0077;514-695-9901
221;Halifax_Cycle_Centre;Grant;Targell;Mr;Sales_Manager;1489;1946_Herring_Cove_Road;Ingen;Halifax;NS;Canada;B3R_1V9;Targell@changinggears.com;http://www.crystaldecisions.com;902-477-9666;902-477-3201
222;Dag_City_Cycle;Dag;Jozwell;Mr;Sales_Representative;1277;2975_Portage_Street;Ingen;Winnipeg;MB;Canada;R3J_0N9;Jozwell@blazingbikes.com;http://www.crystaldecisions.com;204-949-6053;204-948-0012
223;Don´t_Tread_On_Me;Don;Julian;Mr;Owner;5880;20011_Slater_Street;Ingen;Ottawa;ON;Canada;K1A_3W9;Julian@bikesbrothers.com;http://www.crystaldecisions.com;613-235-6617;613-230-9826
224;Min_Dong_Toy_Store;Fang;Zhou;Mrs;Sales_Manager;6467;411_Yanan_Rd,_#301;Ingen;Shanghai;Shanghai;China;200239;Zhou@rockyroadsters.com;http://www.crystaldecisions.com;86-10-5353-7878;862-10-5353-7879
225;JinJing_Sports;Fan;Zhang;Mr;Owner;13435;585_Jian_She_Road;Ingen;Tianjin;Tianjin;China;356001;Zhang@onetrachmind.com;http://www.crystaldecisions.com;86-10-9536-0909;86-10-9536-0910
226;Yue_Xiu_Bicycles;XinQiang;Wang;Mr;Owner;17485;777_Jian_Guo_Avenue;Ingen;Guangzhou;Guangdong;China;370999;Wang@hangintwo.com;http://www.crystaldecisions.com;86-21-3492-3294;86-21-3492-3296
227;Hao_Nannu_Outdoors;Dong_Sheng;Yu;Mr;Owner;8820;888_Chuan_Qian_Road;Ingen;Chengdu;Sichuan;China;250895;Yu@familybiking.com;http://www.crystaldecisions.com;86-21-8392-3283;86-21-8392-3232
228;Globe_Bike;David;Chan;Mr;Sales_Manager;10246;383-407_Hennessy_Road;Wan_Chai;Hong_Kong;Hong_Kong;China;573222;Chan@worldoftires.com;http://www.crystaldecisions.com;852-4667-9393;852-4667-9393
229;Newpeople_Biking_Ltd;Edward;Yan;Mr;Owner;7981;600_Jordan_Road;Kowloon;Hong_Kong;Hong_Kong;China;863356;Yan@olympicbikes.com;http://www.crystaldecisions.com;852-3778-2929;852-3778-2927
230;C&C_Sports_People;Mark;Wang;Mr;Owner;2546;Floor_3,_100_East_Point_Road;Causeway_Bay;Hong_Kong;Hong_Kong;China;357677;Wang@bikestrikes.com;http://www.crystaldecisions.com;852-3838-1919;852-3838-1929
231;AIC_Childrens;Ng_Chun;Yuen;Mr;Owner;5880;303-404_Pricecess_Building;Central;Hong_Kong;Hong_Kong;China;439433;Yuen@tearsforgears.com;http://www.crystaldecisions.com;852-3998-2044;852-3832-1071
232;Fast_Mover_Pte_Ltd;Tan_Boon;Cheng;Mr;Owner;4751;108_International_Business_Park;Ingen;Singapore;Singapore;Singapore;609929;Cheng@caledonia.com;http://www.crystaldecisions.com;65-533-0932;65-533-4395
233;United_Bikers;Mary;Lim;Mrs;Owner;26489;338_Robinson_Road;Ingen;Singapore;Singapore;Singapore;368911;Lim@bikingbums.com;http://www.crystaldecisions.com;65-775-4677;65-775-0372
234;JR_Biking_Limited;Lee_Kah;Seng;Mr;Owner;1019;1800_Exeter_Road;Ingen;Singapore;Singapore;Singapore;239732;Seng@firstgear.com;http://www.crystaldecisions.com;65-209-3341;65-209-3001
235;Heuristic_Beach_Pte_Ltd;Abdul_Rahman_Bin;Fandi;Mr;Owner;1824;2048_Alexandra_Road;Suite_100;Singapore;Singapore;Singapore;119954;Fandi@againstthewind.com;http://www.crystaldecisions.com;65-227-3432;65-227-4677
236;Ministry_of_Sports;Ben;Govindansamy;Mr;Sales_Manager;8820;16_Maxwell_Road;Ingen;Singapore;Singapore;Singapore;169111;Govindansamy@citycyclists.com;http://www.crystaldecisions.com;65-455-2311;65-455-0038
237;Salvado_Bike_Store;Adriano;Pinto;Mr;Sales_Manager;5880;Eurico_Lara_423/524;Ingen;Rio_Grande;Rio_Grande_do_Sul;Brazil;90880-390;Pinto@goingincircles.com;http://www.crystaldecisions.com;55-61-2934-3849;55-61-2934-1119
238;Brasilia_Outdoors;Americo;Machado;Mr;Sales_Agent;13467;Teixeira_Soares,_895;Santa_Tereza;Minas_Gerais;Belo_Horizonte;Brazil;31015-040;Machado@cyclistslife.com;http://www.crystaldecisions.com;55-85-1032-1093;55-85-1032-2323
239;Rio_De_Janeiro_Bikers;André;Pedro;Mr;Owner;133551;Av._Rio_Branco,_95_/_7º_andar;Ingen;Rio_de_Janeiro;Rio_de_Janeiro;Brazil;20093-900;Pedro@discountbikes.com;http://www.crystaldecisions.com;55-11-4929-4929;55-11-4929-4343
240;Saveiros_SA;André;da_Silva;Mr;Owner;5880;Teixeira_Soares,_2223;Ingen;São_Paulo;São_Paulo;Brazil;20093-400;da_Silva@canadianbikes.com;http://www.crystaldecisions.com;55-85-2392-0193;55-85-2392-3323
241;Outdoors_Ltda;André;Fontes;Mr;Owner;2378;Rua_Silex,_165;Ingen;São_Paulo;São_Paulo;Brazil;04082-001;Fontes@bobsbikes.com;http://www.crystaldecisions.com;55-61-2929-3723;55-61-2929-3223
242;Hamburg_Räder;Arne;Schmeth;Mr;Sales_Representative;1788;Iltisstrasse_24;Ingen;Essen;Nordrhein-Westfalen;Germany;D-45001;Schmeth@mikesbikes.com;http://www.crystaldecisions.com;49-4042-2333-71;49-4042-2333-10
243;Leipzig_Freiheit;Folkert;Heinz;Mr;Owner;7829;Bahnstrasse_342-46;Ingen;Berlin;Berlin;Germany;D-10044;Heinz@twowheelin.com;http://www.crystaldecisions.com;49-2024-8855-08;49-2024-8855-10
244;Super_Bike;Frank;Kroger;Mr;Sales_Representative;1073;Geisbergstr._311;Ingen;Hamburg;Hamburg;Germany;D-22121;Kroger@bombaybicycle.com;http://www.crystaldecisions.com;49-6196-9559-22;49-6196-9559-10
245;Berlin_Biking_GmBH;Gunter;Schatz;Mr;Owner;2989;D-80042_Weissenfeld;Ingen;München;Bayern;Germany;D-80042;Schatz@bennythespokes.com;http://www.crystaldecisions.com;49-3220-0485-51;49-3220-0485-10
246;Dortmont_Rad_Kaufhaus;Holger;Warnecke;Mr;Sales_Representative;59469;CMR_4434;Ingen;Düsseldorf;Nordrhein-Westfalen;Germany;D-40029;Warnecke@bikesbikes.com;http://www.crystaldecisions.com;49-3944-0432-57;49-3944-0432-10
247;Offroad_Bike_Verleih;Juergen;Rudolf;Mr;Owner;1623;Koningswinterer_Strasse_800;Ingen;Berlin;Berlin;Germany;D-14059;Rudolf@roughterrain.com;http://www.crystaldecisions.com;49-3022-0486-14;49-3022-0486-10
248;Berg_auf_Trails_GmBH;Peter;Schmit;Mr;Sales_Manager;2939;CMR_4490;Ingen;Düsseldorf;Nordrhein-Westfalen;Germany;D-40608;Schmit@cyclopath.com;http://www.crystaldecisions.com;49-6400-0443-23;49-6400-0443-10
249;Milano_Bike_Store;Angelo;Nucchi;Mr;Sales_Agent;6756;Via_Anagnina_483;Ingen;Milan;Lombardia;Italy;42898;Nucchi@tandemcycle.com;http://www.crystaldecisions.com;39-10-2849-1038;39-10-2849-1000
250;Brescia_Mountainers;David;Giovanni;Mr;Sales_Manager;181445;Via_Angelo_Maj,_22;Ingen;Rome;Lazio;Italy;42210;Giovanni@ontheedge.com;http://www.crystaldecisions.com;39-55-9202-9592;39-55-9202-9534
251;Nogoya_Paths;Hatsuko;Kumasaka;Mr;Sales_Agent;8820;C.ITOH_Bldg._12-1;Minato-Ku;Hiroshima;Hiroshima_Ken;Japan;106-4553;Kumasaka@tek.com;http://www.crystaldecisions.com;81-1-3321-3336;81-1-3321-0192
252;Yokohama_Biking_Fans;Miyako;Katayama;Mr;Owner;2003;Yokosuka_Naval_Base-Building_1955_Room_8;Ingen;Kobe;Hyogo_Ken;Japan;124-2293;Katayama@bikingheaven.com;http://www.crystaldecisions.com;81-1-3022-0349;81-1-3022-2100
253;Bendai_Mountain_Bikers;Tomoaki;Tanahashi;Mr;Sales_Manager;14077;A.ITOH_Bldg._15-3;Minato-Ku;Tokyo;Tokyo_To;Japan;232-9333;Tanahashi@bikerspath.com;http://www.crystaldecisions.com;81-2-6676-0746;81-2-6676-4302
254;Totory_Ken_Cyclists;Yoshio;Shimoyama;Mr;Owner;5914;Bell_Ace_Building_8F;Ingen;Yokohama;Kanagawa_Ken;Japan;112-3293;Shimoyama@bikesrus.com;http://www.crystaldecisions.com;81-2-2221-3606;81-2-2221-0771
255;Tiempo_Libre_Monterrey;Jose;Garcia;Mr;Sales_Manager;8820;Thiers_3251-34;Ingen;Acapulco;Guerrero;Mexico;34323;Garcia@bikeshopmars.com;http://www.crystaldecisions.com;52-5-553-0933;52-5-553-0934
256;Tiempo_Libre_Acapulco;Manuel;Hernandez;Mr;Sales_Manager;9596;Apaseo_El_Alto_11,_Col_Valle_del_Tepeyac;Ingen;Puerto_Vallarta;Jalisco;Mexico;4929;Hernandez@feelgreat.com;http://www.crystaldecisions.com;52-5-300-0113;52-5-300-0134
257;Bicicletas_de_Montaña_Cancun;Ana_Maria;Fernandez;Ms;Owner;1551;Puebla_#_903_Primer_Piso;Ingen;Cancun;Quintana_Roo;Mexico;2994;Fernandez@bikefest.com;http://www.crystaldecisions.com;52-2-255-8965;52-2-255-9403
258;Guadalajara_en_ruedas;Laura;Torres;Ms;Sales_Manager;83665;Hernandez_y_Hernandez_No.699;Ingen;Mazatlan;Sinaloa;Mexico;92041;Torres@bikinghiking.com;http://www.crystaldecisions.com;52-1-357-9443;52-1-357-9433
259;Bicycles_Alex;Alex;Alvarez;Ms;Owner;62628;Rufino_Tamayo_395;Ingen;Ciudad_de_Mexico;Distrito_Federal;Mexico;3853;Alvarez@bicycleraces.com;http://www.crystaldecisions.com;52-5-207-1010;52-5-207-1011
260;New_Trails;George;Robins;Mr;Sales_Manager;1716;181_Wellesley_Street;Ingen;Christchurch;Canterbury;New_Zealand;;Robins@fredsbikes.com;http://www.crystaldecisions.com;64-3-4920-2044;64-3-4920-3421
261;Beach_Trails_and_Wheels;Alastair;Jackson;Mr;Sales_Representative;2944;374_Great_Road;Ingen;Hamilton;Waikato;New_Zealand;;Jackson@philsbikes.com;http://www.crystaldecisions.com;64-2-9112-2031;64-2-9112-2033
262;Forested_Hills;Gary;Birch;Mr;Sales_Agent;1067;4_Bond_St.;Ingen;Wellington;Wellington;New_Zealand;;Birch@colinsbikes.com;http://www.crystaldecisions.com;64-1-4044-2904;64-1-4044-2934
263;Bill´s_Bikes;Bill;Anderson;Mr;Owner;2459;8035_Owl_Road;Ingen;New_Plymouth;Taranaki;New_Zealand;;Anderson@barrysbikes.com;http://www.crystaldecisions.com;64-9-0014-4041;64-9-0014-2334
264;Lisbon_Cyclists;Jorge;Faustino;Mr;Owner;330;Av._Artur_Soares,_828_-_1700;Ingen;Lisbon;Lisbon;Portugal;1700;Faustino@tonysbikes.com;http://www.crystaldecisions.com;351-1-49-09-441;351-1-49-09-850
265;Evora_Family_Sports;André;Palacio;Mr;Sales_Manager;3638;R._D._Estefƒnia,_12_-_2000_Lisb;Ingen;Lisbon;Lisbon;Portugal;1900;Palacio@ridedownamountain.com;http://www.crystaldecisions.com;351-41-43-46-902;351-41-43-46-990
266;Souzel_Bike_Rentals;Adriano;Malva;Mr;Sales_Agent;1472;Polo_Tecnologico_Lote_39;Ingen;Lisbon;Lisbon;Portugal;1600-480;Malva@makingtracks.com;http://www.crystaldecisions.com;351-44-09-23-677;351-44-09-23-690
267;Tom´s_Place_for_Bikes;Jimmy;Hatch;Mr;Sales_Representative;36401;545_Peachtree_Road;Ingen;Johannesburg;Gauteng_(PWV);South_Africa;2385;Hatch@tiendadp.com;http://www.crystaldecisions.com;27-15-923-0300;27-15-923-0301
268;Coastal_Line_Bikes;Caron;Ryans;Ms;Owner;1130;22th_Flr_Safren_House;Ingen;Johannesburg;Gauteng_(PWV);South_Africa;3001;Ryans@hanoibike.com;http://www.crystaldecisions.com;27-11-294-0001;27-11-294-4453
269;Hikers_and_Bikers;Steven;Sharp;Mr;Owner;8301;1844_Beach_Avenue;Ingen;Johannesburg;Gauteng_(PWV);South_Africa;4201;Sharp@bicyclebasics.com;http://www.crystaldecisions.com;27-13-940-0302;27-13-940-0309
270;Mountain_View_Sport;Fran;Durant;Mr;Sales_Manager;65232;1443_Main_Street;Suite_990;Auckland;Auckland;New_Zealand;;Durant@hararecycle.com;http://www.crystaldecisions.com;64-9-2939-2995;64-9-2939-2934
